"Time (s)","Linear Acceleration x (m/s^2)","Linear Acceleration y (m/s^2)","Linear Acceleration z (m/s^2)"
2.165965300E-2,1.036312389E1,-4.442896843E-1,-1.050051785E1
3.171365300E-2,9.923315048E0,-1.411683321E0,-9.846695900E0
4.176365300E-2,9.813885689E0,-1.205909014E0,-9.463354111E0
5.181465300E-2,1.015696430E1,-9.354832172E-1,-9.288243294E0
6.186565300E-2,1.017853165E1,-1.070522189E0,-9.139729500E0
7.191740300E-2,9.934203148E0,-9.800809026E-1,-9.078066826E0
8.196940300E-2,9.849738121E0,-9.893457294E-1,-8.791356087E0
9.202106900E-2,9.777660370E0,-1.048807383E0,-8.535656929E0
1.020720690E-1,9.708203316E0,-1.028966546E0,-8.423579216E0
1.121230690E-1,9.559074402E0,-1.023878813E0,-8.474246025E0
1.221740690E-1,9.391186714E0,-9.575676322E-1,-8.728748322E0
1.322254690E-1,9.266654968E0,-8.973517418E-1,-9.014735222E0
1.422766500E-1,9.221134186E0,-9.223189354E-1,-9.078108788E0
1.523284000E-1,9.242998123E0,-9.452065825E-1,-8.825437546E0
1.623804000E-1,9.366493225E0,-8.527108431E-1,-8.800271988E0
1.724326850E-1,9.413369179E0,-8.300898671E-1,-8.980955124E0
1.824850850E-1,9.380378723E0,-8.643521070E-1,-9.158971786E0
1.925375220E-1,9.443082809E0,-9.049059153E-1,-9.032647133E0
2.025901100E-1,9.657899857E0,-8.770549297E-1,-8.956368446E0
2.126428320E-1,9.648214340E0,-9.489108324E-1,-9.004295349E0
2.227032000E-1,9.638022423E0,-1.130019903E0,-8.972926140E0
2.327632500E-1,9.808509827E0,-1.097793937E0,-8.790690422E0
2.428231070E-1,9.929034233E0,-9.308274388E-1,-8.551383972E0
2.528826520E-1,1.009650993E1,-9.196476340E-1,-8.587727547E0
2.629417380E-1,1.011338329E1,-8.478664160E-1,-8.803434372E0
2.730005710E-1,9.943654060E0,-8.634586334E-1,-8.875025749E0
2.830592510E-1,9.832271576E0,-1.036102295E0,-8.814713478E0
2.931177890E-1,9.790113449E0,-1.004627228E0,-8.670642853E0
3.031760480E-1,9.738468170E0,-7.897556424E-1,-8.629674911E0
3.132341550E-1,9.577993393E0,-8.377387524E-1,-8.617852211E0
3.232920170E-1,9.490667343E0,-8.599152565E-1,-8.560812950E0
3.333498170E-1,9.525121689E0,-8.301182985E-1,-8.616190910E0
3.434076830E-1,9.580012321E0,-8.905285597E-1,-8.709669113E0
3.534655830E-1,9.729249001E0,-9.530860186E-1,-8.807654381E0
3.635235160E-1,9.727956772E0,-9.891451597E-1,-8.826708794E0
3.735813160E-1,9.597690582E0,-9.132881761E-1,-9.025734901E0
3.836389160E-1,9.396955490E0,-8.957250714E-1,-9.110178947E0
3.936965820E-1,9.219066620E0,-9.294015169E-1,-8.957805634E0
4.037544820E-1,9.178010941E0,-9.681084156E-1,-8.745405197E0
4.138124480E-1,9.027374268E0,-9.796257019E-1,-8.565278053E0
4.238704810E-1,9.009294510E0,-1.079486251E0,-8.598145485E0
4.339285140E-1,8.956180573E0,-1.017650366E0,-8.631033897E0
4.439866470E-1,8.975745201E0,-9.994501472E-1,-8.778945923E0
4.540445470E-1,9.094609261E0,-9.844636321E-1,-8.864695549E0
4.641071130E-1,9.229614258E0,-9.671452045E-1,-8.899861336E0
4.741695790E-1,9.468165398E0,-9.006593227E-1,-8.917608261E0
4.842320790E-1,9.511471748E0,-9.059350491E-1,-8.792940140E0
4.942945120E-1,9.397821426E0,-9.283479452E-1,-8.794050217E0
5.043568120E-1,9.095195770E0,-9.361016750E-1,-8.528525352E0
5.144190450E-1,8.859082222E0,-9.497439861E-1,-8.374679565E0
5.244765110E-1,8.817147255E0,-1.005366683E0,-8.418882370E0
5.345340440E-1,8.796186447E0,-9.610284567E-1,-8.484198570E0
5.445915440E-1,8.722536087E0,-9.011219740E-1,-8.575749397E0
5.546491770E-1,8.843889236E0,-8.004665375E-1,-8.626827240E0
5.647069770E-1,8.797114372E0,-8.543537259E-1,-8.656027794E0
5.747648770E-1,8.748469353E0,-8.582354188E-1,-8.737504005E0
5.848228100E-1,8.898989677E0,-8.144224882E-1,-8.725218773E0
5.948807430E-1,8.847280502E0,-8.264182806E-1,-8.643157959E0
6.049388760E-1,8.775987625E0,-8.774282932E-1,-8.619052887E0
6.149970760E-1,8.682347298E0,-8.288028240E-1,-8.599791527E0
6.250553420E-1,8.421790123E0,-9.178022146E-1,-8.616996765E0
6.351135750E-1,8.379652977E0,-8.300666809E-1,-8.522321701E0
6.451720410E-1,8.249582291E0,-8.472587466E-1,-8.571433067E0
6.552307410E-1,8.239063263E0,-8.960639238E-1,-8.667673111E0
6.652895410E-1,8.211936951E0,-9.344147444E-1,-8.734644890E0
6.753484410E-1,8.207092285E0,-9.732809663E-1,-8.737192154E0
6.854074410E-1,8.154243469E0,-8.915457726E-1,-8.648074150E0
6.954663740E-1,8.043519020E0,-8.636652827E-1,-8.685498238E0
7.055276400E-1,8.021595955E0,-9.311152697E-1,-8.736927986E0
7.155888730E-1,8.100559235E0,-9.016904831E-1,-8.486020088E0
7.256501390E-1,8.089405060E0,-8.926149607E-1,-8.337459564E0
7.357114390E-1,8.033616066E0,-8.964066505E-1,-8.361272812E0
7.457728720E-1,7.965013981E0,-9.227560759E-1,-8.332592010E0
7.558344380E-1,7.946395397E0,-9.467538595E-1,-8.368565559E0
7.658913040E-1,7.964932442E0,-8.370569944E-1,-8.479088783E0
7.759482040E-1,7.925773621E0,-8.245182037E-1,-8.572788239E0
7.860049700E-1,7.756608009E0,-8.126045465E-1,-8.680821419E0
7.960619030E-1,7.660460472E0,-7.774512172E-1,-8.604378700E0
8.061189690E-1,7.525523663E0,-8.627862334E-1,-8.359833717E0
8.161760020E-1,7.490927219E0,-8.766592145E-1,-8.286702156E0
8.262330020E-1,7.406562805E0,-9.649927616E-1,-8.263616562E0
8.362899020E-1,7.258172989E0,-1.000726938E0,-8.230774879E0
8.463466020E-1,7.343070507E0,-9.955556393E-1,-8.513336182E0
8.564031350E-1,7.310665607E0,-9.872806072E-1,-8.608918190E0
8.664595680E-1,7.216982841E0,-1.004957318E0,-8.562918663E0
8.765158680E-1,7.244479179E0,-9.676204920E-1,-8.463312149E0
8.865720010E-1,7.089487076E0,-9.721361399E-1,-8.442345619E0
8.966349340E-1,7.037066460E0,-9.626144171E-1,-8.583623886E0
9.066976340E-1,6.875275135E0,-9.545817375E-1,-8.473112106E0
9.167603000E-1,6.752438545E0,-1.013982773E0,-8.217959404E0
9.268229660E-1,6.749137878E0,-1.002638102E0,-8.169717789E0
9.368855660E-1,6.802294731E0,-9.924874306E-1,-8.079814911E0
9.469533320E-1,6.826980114E0,-9.174512625E-1,-8.091705322E0
9.570208650E-1,6.714405537E0,-9.819124937E-1,-8.194494247E0
9.670882650E-1,6.636574268E0,-1.030111790E0,-8.244451523E0
9.771554980E-1,6.616603851E0,-8.846472502E-1,-8.238949776E0
9.872227640E-1,6.578634739E0,-9.002186656E-1,-8.295529366E0
9.972900970E-1,6.370066643E0,-9.377520084E-1,-8.309127808E0
1.007354930E0,6.254044533E0,-9.731357098E-1,-8.116919518E0
1.017419630E0,6.200772285E0,-1.027051687E0,-8.055329323E0
1.027484163E0,6.190599442E0,-1.135290265E0,-8.140900612E0
1.037548529E0,6.162833691E0,-1.065012574E0,-8.272275925E0
1.047612762E0,6.228470802E0,-9.810551405E-1,-8.353156090E0
1.057676962E0,6.132056236E0,-8.830813169E-1,-8.252213478E0
1.067741062E0,6.030646324E0,-8.427460194E-1,-8.119556427E0
1.077805095E0,5.968425274E0,-8.473603725E-1,-8.033375740E0
1.087869228E0,5.969041348E0,-8.735399246E-1,-7.988623619E0
1.097933194E0,5.949628353E0,-8.972796202E-1,-8.005887032E0
1.107996927E0,5.934341908E0,-9.638447762E-1,-7.904449463E0
1.118060493E0,5.796522617E0,-9.452664256E-1,-7.857051373E0
1.128124026E0,5.700263977E0,-9.687273502E-1,-7.937445164E0
1.138187392E0,5.785381794E0,-9.396678209E-1,-7.965624332E0
1.148250658E0,5.766096592E0,-9.907295704E-1,-7.936648846E0
1.158313758E0,5.696478844E0,-1.029188991E0,-8.009519577E0
1.168376658E0,5.714357853E0,-8.524093032E-1,-7.993281364E0
1.178439491E0,5.571582317E0,-9.006656408E-1,-7.882094860E0
1.188507057E0,5.450863361E0,-9.167782068E-1,-8.046042442E0
1.198567690E0,5.344246387E0,-8.727710843E-1,-8.093527794E0
1.208628456E0,5.336829185E0,-9.103133678E-1,-7.946404934E0
1.218689156E0,5.243435383E0,-8.836893439E-1,-7.981206417E0
1.228749822E0,5.107270718E0,-8.721039891E-1,-8.035925865E0
1.238810388E0,5.083687782E0,-9.523917437E-1,-7.850451469E0
1.248865521E0,4.902386665E0,-8.889271617E-1,-7.713579178E0
1.258920521E0,4.799911976E0,-8.848171830E-1,-7.679049492E0
1.268975487E0,4.872431755E0,-9.257621765E-1,-7.725531101E0
1.279030620E0,4.862778187E0,-8.971601129E-1,-7.740248203E0
1.289085786E0,4.755527020E0,-8.414826989E-1,-7.839120388E0
1.299140819E0,4.599721432E0,-8.880625367E-1,-7.954495907E0
1.309195952E0,4.547447681E0,-9.019428492E-1,-7.890143394E0
1.319251185E0,4.566336155E0,-1.033519745E0,-7.772277355E0
1.329306551E0,4.675619125E0,-1.101035595E0,-7.667930603E0
1.339362017E0,4.694051266E0,-1.074512005E0,-7.626517296E0
1.349417317E0,4.749812126E0,-1.046806216E0,-7.558767319E0
1.359472483E0,4.906691551E0,-1.005221963E0,-7.503180027E0
1.369527616E0,5.095273495E0,-9.171110392E-1,-7.335875034E0
1.379582749E0,5.194189072E0,-8.545131087E-1,-7.301639557E0
1.389637749E0,4.855502605E0,-8.787379265E-1,-7.389471531E0
1.399692749E0,4.455836773E0,-9.627518058E-1,-7.605272770E0
1.409747882E0,4.148959160E0,-9.480189085E-1,-7.747625351E0
1.419803182E0,4.126927376E0,-1.094404459E0,-7.639048100E0
1.429863282E0,4.170982361E0,-9.937160015E-1,-7.337281227E0
1.439923615E0,4.134484768E0,-9.184340239E-1,-7.221426964E0
1.449984315E0,4.042628765E0,-1.017169237E0,-7.234077930E0
1.460045181E0,4.067233562E0,-9.184516668E-1,-7.190537453E0
1.470106247E0,4.085978508E0,-9.307793379E-1,-7.112221718E0
1.480167447E0,4.046021938E0,-9.271578789E-1,-7.268899441E0
1.490224147E0,4.072445869E0,-9.452594519E-1,-7.254115582E0
1.500280980E0,4.096147060E0,-9.917756915E-1,-7.104769230E0
1.510337746E0,3.939480305E0,-9.799082279E-1,-6.896627426E0
1.520394512E0,3.741540432E0,-9.254590273E-1,-6.663594723E0
1.530451378E0,3.581179619E0,-8.641862273E-1,-6.513373375E0
1.540508511E0,3.410711765E0,-1.196853161E0,-6.644142628E0
1.550565777E0,3.395993233E0,-1.161702275E0,-6.641391754E0
1.560623210E0,3.248967648E0,-9.923864603E-1,-6.669186592E0
1.570680710E0,2.999526024E0,-1.213351846E0,-6.879254341E0
1.580738276E0,2.728415489E0,-1.131253481E0,-7.036211491E0
1.590795809E0,2.588242531E0,-1.078213453E0,-7.235982418E0
1.600853542E0,2.439935207E0,-1.118007898E0,-7.416329384E0
1.610911342E0,2.400845051E0,-1.020878553E0,-7.115211964E0
1.620969308E0,2.165554047E0,-1.058591127E0,-6.412545681E0
1.631027408E0,1.839670658E0,-8.937129378E-1,-6.300968170E0
1.641085574E0,1.441138744E0,-9.100102186E-1,-6.432291985E0
1.651143840E0,1.045052528E0,-1.009664416E0,-6.340277672E0
1.661202140E0,7.846388817E-1,-1.166161537E0,-6.792686462E0
1.671265273E0,5.454049110E-1,-1.405774951E0,-7.413434029E0
1.681328573E0,2.486829758E-1,-1.540841222E0,-7.247045040E0
1.691392139E0,-3.630299568E-1,-1.650390863E0,-6.622536659E0
1.701455805E0,-1.106180191E0,-1.874392748E0,-6.344973564E0
1.711519705E0,-1.844958782E0,-1.931290507E0,-6.181475163E0
1.721583771E0,-2.578820705E0,-1.656182051E0,-6.317082882E0
1.731643171E0,-3.442071676E0,-1.443333507E0,-6.694328785E0
1.741702437E0,-3.946546793E0,-1.529223680E0,-7.202329636E0
1.751761503E0,-4.322093487E0,-1.772793055E0,-7.053368568E0
1.761820536E0,-4.543508530E0,-1.822417974E0,-6.474024773E0
1.771879536E0,-4.840472698E0,-1.636702895E0,-6.774383545E0
1.781938469E0,-5.070553780E0,-1.578223944E0,-7.232319832E0
1.791997235E0,-4.815725327E0,-1.306562901E0,-7.547458649E0
1.802055901E0,-4.176269531E0,-8.839685917E-1,-7.653984070E0
1.812114634E0,-3.539198399E0,-7.472536564E-1,-7.508978367E0
1.822173434E0,-3.097449303E0,-1.008335114E0,-8.015134811E0
1.832232167E0,-2.753513336E0,-1.299092650E0,-8.347979546E0
1.842290700E0,-1.674705505E0,-1.305736423E0,-8.230098724E0
1.852349066E0,-3.333106041E-1,-1.254717231E0,-7.142580509E0
1.862407332E0,7.692499161E-1,-9.827026129E-1,-7.006443977E0
1.872465565E0,2.178618431E0,-9.804012775E-1,-7.233747959E0
1.882523898E0,3.771080017E0,-1.197534323E0,-7.415277481E0
1.892582331E0,5.134877205E0,-1.075046301E0,-7.797275543E0
1.902640697E0,5.679247856E0,-1.193087339E0,-8.228457451E0
1.912700363E0,5.600466728E0,-1.355116248E0,-7.885621548E0
1.922759863E0,4.753626347E0,-1.477035284E0,-6.927074432E0
1.932819229E0,3.438551426E0,-1.245027542E0,-6.845006943E0
1.942878462E0,2.365012646E0,-1.439017653E0,-7.518722534E0
1.952937662E0,1.522657394E0,-1.173531890E0,-7.920817852E0
1.962996795E0,1.025161743E0,-9.418898225E-1,-7.571135521E0
1.973051161E0,9.294338226E-1,-5.592246652E-1,-7.516934395E0
1.983105294E0,1.084726334E0,-3.409086466E-1,-7.985244751E0
1.993159094E0,2.136871338E0,-3.237031698E-1,-8.290041924E0
2.003212760E0,3.871443748E0,-2.003828287E-1,-7.726755142E0
2.013266060E0,5.324870110E0,-2.564601898E-1,-6.787291527E0
2.023318960E0,7.479119301E0,-3.486062288E-1,-7.288517952E0
2.033371460E0,9.815135002E0,-7.422604561E-1,-7.933511257E0
2.043423993E0,1.165975571E1,-1.003923655E0,-9.147077560E0
2.053476626E0,1.291396999E1,-1.019702554E0,-9.412172318E0
2.063529292E0,1.474233818E1,-9.680232406E-1,-9.456633568E0
2.073582058E0,1.684999847E1,-7.074369788E-1,-9.869647026E0
2.083634758E0,1.953138161E1,-3.059793711E-1,-9.585523605E0
2.093687324E0,2.170697403E1,-1.819587946E-1,-9.679370880E0
2.103739857E0,2.413936234E1,-4.987871051E-1,-8.900564194E0
2.113792223E0,2.692174530E1,1.273665428E-1,-1.004298019E1
2.123844456E0,3.030166054E1,4.797700644E-1,-1.198236656E1
2.133896622E0,3.260600662E1,5.510671139E-1,-1.264742661E1
2.143948622E0,3.442829895E1,4.112130404E-1,-1.255003738E1
2.154005222E0,3.339788055E1,-2.784712315E-1,-1.215057564E1
2.164061755E0,3.014198875E1,-6.925612688E-1,-1.234220314E1
2.174118188E0,2.664691162E1,-1.494607568E0,-1.212640572E1
2.184174321E0,2.315277672E1,-1.599843502E0,-1.245395565E1
2.194230254E0,1.954498100E1,-1.653755426E0,-1.198568916E1
2.204286054E0,1.522010612E1,-1.292527914E0,-1.162218857E1
2.214340487E0,1.211816406E1,-1.185720444E0,-1.201452446E1
2.224394853E0,1.032966042E1,-1.299729466E0,-1.152714825E1
2.234448986E0,9.069051743E0,-7.636976838E-1,-1.241135788E1
2.244502886E0,7.878270149E0,-1.247516870E0,-1.300831318E1
2.254556819E0,8.332601547E0,-1.545860291E0,-1.236072159E1
2.264610752E0,9.262166977E0,-2.204944849E0,-1.077662277E1
2.274664552E0,9.032135010E0,-2.847275257E0,-8.508253098E0
2.284718318E0,9.531544685E0,-1.459339142E0,-6.067486763E0
2.294772151E0,8.704856873E0,5.733700991E-1,-4.043042660E0
2.304825984E0,5.432245255E0,4.792829752E-1,-2.437449932E0
2.314879817E0,-6.108260155E-1,-8.855485320E-1,-1.993180275E0
2.324933750E0,-6.733877659E0,-1.496658087E0,-2.090832233E0
2.334987783E0,-1.351669502E1,-2.204430103E0,-2.222538948E0
2.345041683E0,-1.863641739E1,-2.817031860E0,-3.802695751E0
2.355095316E0,-1.921361542E1,-1.101873398E0,-8.793745041E0
2.365148816E0,-1.983889389E1,-2.359954119E-1,-1.346591568E1
2.375202249E0,-1.986243820E1,-3.251242638E-2,-1.539374161E1
2.385255682E0,-1.674439621E1,-6.596436501E-1,-1.703301239E1
2.395313848E0,-1.279073048E1,-1.273486137E0,-1.636452866E1
2.405371981E0,-8.407157898E0,-1.006760478E0,-1.461867809E1
2.415430081E0,-4.839180470E0,-1.728113055E0,-1.209646797E1
2.425488014E0,-2.629327774E0,-2.734798908E0,-9.980782509E0
2.435545880E0,-1.232415199E0,-3.204570293E0,-8.225832939E0
2.445603813E0,-9.787049294E-1,-3.005903244E0,-7.384870052E0
2.455657246E0,-1.403760672E0,-2.741655350E0,-6.118291855E0
2.465710712E0,-2.166668892E0,-2.454739332E0,-5.036999702E0
2.475764245E0,-2.868162632E0,-1.614342928E0,-4.055177212E0
2.485817845E0,-2.744883776E0,-1.026546717E0,-4.168182850E0
2.495871511E0,-3.020643234E0,-1.996198297E-1,-4.761620522E0
2.505925211E0,-3.798959732E0,4.676619768E-1,-6.275308609E0
2.515978877E0,-4.879961967E0,4.131996632E-1,-6.928443909E0
2.526032577E0,-5.343507290E0,-5.847835541E-2,-8.106386185E0
2.536086510E0,-5.854595184E0,-6.742526293E-1,-7.977277756E0
2.546140776E0,-6.697844028E0,-9.463323355E-1,-6.446953297E0
2.556194976E0,-7.251116276E0,-1.297367811E0,-4.763222694E0
2.566249109E0,-8.013451576E0,-1.514194608E0,-4.545322418E0
2.576303109E0,-8.441503525E0,-1.426549554E0,-5.380172729E0
2.586356942E0,-8.240052223E0,-1.233779788E0,-6.670406818E0
2.596410708E0,-7.614819527E0,-8.279830217E-1,-8.039422989E0
2.606464408E0,-6.837573528E0,-6.626958251E-1,-9.962258339E0
2.616518108E0,-6.305730820E0,-6.207250357E-1,-1.108577728E1
2.626571941E0,-5.946372509E0,-4.924432039E-1,-1.126299095E1
2.636630407E0,-5.658611774E0,-9.035739899E-1,-1.144052410E1
2.646688873E0,-5.485787868E0,-1.010836601E0,-1.160557270E1
2.656747473E0,-5.822871208E0,-1.473247766E0,-1.122557449E1
2.666806106E0,-6.136797428E0,-2.139694691E0,-1.017309952E1
2.676864706E0,-6.204471111E0,-2.535066605E0,-8.427836418E0
2.686923306E0,-6.097888947E0,-2.623095036E0,-7.535811424E0
2.696977139E0,-6.057040215E0,-2.543643475E0,-7.165650368E0
2.707030839E0,-6.218410492E0,-2.386828184E0,-6.810925961E0
2.717084439E0,-6.027773380E0,-1.772194386E0,-7.100135803E0
2.727138139E0,-5.619843483E0,-1.390746832E0,-7.318112850E0
2.737191872E0,-5.968050480E0,-1.122113943E0,-7.608861446E0
2.747245638E0,-6.468252659E0,-1.040806055E0,-7.737189293E0
2.757299304E0,-6.865131378E0,-9.890005589E-1,-7.473704815E0
2.767352970E0,-7.153477192E0,-1.096746922E0,-7.581103325E0
2.777406703E0,-7.028202057E0,-1.327839613E0,-7.874681473E0
2.787460436E0,-6.855108261E0,-1.702795029E0,-8.054208755E0
2.797514069E0,-7.063857079E0,-2.059763908E0,-7.459366798E0
2.807567769E0,-6.615050316E0,-2.069532394E0,-8.107489586E0
2.817621435E0,-6.322442055E0,-2.200402737E0,-9.153376579E0
2.827675101E0,-5.676572323E0,-2.256314754E0,-9.434063911E0
2.837728701E0,-4.605020046E0,-1.983865499E0,-9.884002686E0
2.847782201E0,-2.395001411E0,-1.335938931E0,-1.150783157E1
2.857835734E0,8.062744141E-1,-8.004011512E-1,-1.276356792E1
2.867889467E0,5.694574356E0,7.037824392E-1,-9.770614624E0
2.877948167E0,8.637758255E0,1.058378935E0,-7.005859375E0
2.888007200E0,1.259815979E1,-1.539371014E-1,-5.313360214E0
2.898066400E0,1.925233650E1,-6.209921837E-2,-4.688959122E0
2.908125766E0,2.592685509E1,9.854208231E-1,-5.956782341E0
2.918185266E0,3.072653580E1,1.513714075E0,-7.767166615E0
2.928244866E0,3.130118370E1,2.465638161E0,-8.485805511E0
2.938299899E0,2.743129921E1,2.293359041E0,-9.350147247E0
2.948355132E0,2.317642593E1,1.082592010E-1,-1.078682709E1
2.958410432E0,2.024572182E1,-7.126764059E-1,-1.058347130E1
2.968465765E0,1.781853676E1,-1.338544369E0,-9.983937263E0
2.978521165E0,1.742347336E1,-7.240282297E-1,-8.380685806E0
2.988576498E0,1.877522278E1,-6.410651207E-1,-7.894345760E0
2.998631764E0,1.983826256E1,-9.423800707E-1,-8.497840881E0
3.008687130E0,1.995590210E1,-1.304241419E0,-8.381862640E0
3.018742596E0,1.819792747E1,-1.183424830E0,-7.844015121E0
3.028798196E0,1.649018478E1,-1.053607702E0,-7.341454029E0
3.038853829E0,1.508482361E1,-7.524152994E-1,-5.931461334E0
3.048909529E0,1.353093338E1,-5.177665949E-1,-3.988787413E0
3.058965262E0,1.219965839E1,-4.103987217E-1,-3.588761091E0
3.069020962E0,1.035015297E1,-1.333050013E0,-4.698775291E0
3.079076528E0,9.821692467E0,-2.214120865E0,-6.626478672E0
3.089132028E0,9.852954865E0,-2.577826977E0,-7.809629917E0
3.099187561E0,9.866588593E0,-2.141768932E0,-7.610078812E0
3.109243094E0,9.856300354E0,-1.034618497E0,-7.008979797E0
3.119303260E0,9.695333481E0,-6.743500829E-1,-6.302485466E0
3.129363426E0,9.595533371E0,-4.978951812E-1,-5.491107464E0
3.139423592E0,9.906467438E0,-1.375209093E-1,-5.383635521E0
3.149483858E0,1.017198944E1,-9.112715721E-2,-5.727121830E0
3.159544224E0,1.072951508E1,-3.984381557E-1,-6.019605637E0
3.169604490E0,1.053886604E1,-4.610120058E-1,-6.325950623E0
3.179660023E0,9.571956635E0,-2.989374399E-1,-6.829737663E0
3.189715523E0,8.324016571E0,-5.210695863E-1,-7.186855316E0
3.199770956E0,6.526314259E0,-7.084202170E-1,-7.408651352E0
3.209826556E0,4.425192356E0,-8.107333183E-1,-6.745139122E0
3.219882322E0,2.374831200E0,-9.676441550E-1,-6.012753963E0
3.229938088E0,7.397427559E-1,-9.436792731E-1,-6.126656532E0
3.239993988E0,-3.224129677E-1,-8.655548096E-1,-6.551782608E0
3.250049954E0,-1.011077404E0,-9.757679701E-1,-6.659870148E0
3.260106020E0,-1.440252781E0,-9.946653247E-1,-6.403989315E0
3.270162186E0,-1.539243698E0,-9.113175869E-1,-6.981983185E0
3.280218219E0,-1.826840878E0,-9.842134118E-1,-7.547662258E0
3.290274452E0,-2.184954166E0,-1.207233667E0,-7.803603172E0
3.300334352E0,-2.434469461E0,-1.128739119E0,-8.135805130E0
3.310394552E0,-2.868048429E0,-1.354455829E0,-8.412061691E0
3.320455052E0,-2.920179605E0,-1.583299756E0,-8.147795677E0
3.330515552E0,-2.952357054E0,-1.284622669E0,-7.721351624E0
3.340576185E0,-3.009787560E0,-1.067938328E0,-7.231414795E0
3.350636851E0,-3.113564968E0,-9.668290615E-1,-7.019512653E0
3.360699017E0,-3.100940228E0,-8.579920530E-1,-6.949969769E0
3.370761283E0,-2.661284924E0,-6.313052773E-1,-7.036641121E0
3.380823583E0,-1.949609756E0,-4.283859730E-1,-6.993174076E0
3.390886049E0,-1.479902744E0,-3.334626555E-1,-6.521378517E0
3.400948749E0,-8.843002319E-1,-2.616012096E-1,-6.668332100E0
3.411011615E0,-8.619594574E-2,-1.740343571E-1,-6.985021114E0
3.421069881E0,4.544305801E-1,-1.162009239E-1,-7.347057343E0
3.431128281E0,8.876104355E-1,-4.854360223E-1,-7.665855885E0
3.441186581E0,1.122035027E0,-6.498012543E-1,-7.533548355E0
3.451244814E0,1.309760571E0,-5.148600340E-1,-7.289472580E0
3.461302980E0,1.494254589E0,-5.457377434E-1,-6.753458500E0
3.471361146E0,2.145854473E0,-6.213802695E-1,-6.247984886E0
3.481419112E0,2.975116730E0,-6.002215743E-1,-6.422175407E0
3.491476812E0,3.981077671E0,-5.037299991E-1,-6.727026463E0
3.501534445E0,4.979914665E0,-6.270989776E-1,-6.542015553E0
3.511591745E0,5.905766964E0,-8.287243843E-1,-6.463263035E0
3.521648711E0,5.884607792E0,-7.329607010E-1,-6.258360863E0
3.531705611E0,6.025287628E0,-7.677751780E-1,-6.291780949E0
3.541762377E0,6.652987003E0,-7.871688604E-1,-5.989925861E0
3.551819077E0,6.520690441E0,-1.185755968E0,-6.373298645E0
3.561875710E0,6.088136196E0,-1.096558809E0,-6.555565834E0
3.571932276E0,5.508733749E0,-1.064908147E0,-6.520423889E0
3.581988942E0,4.720882893E0,-9.942299128E-1,-6.001629353E0
3.592045508E0,4.109912872E0,-8.329033852E-1,-5.921919346E0
3.602100274E0,3.517972946E0,-9.188473821E-1,-5.960131645E0
3.612154774E0,3.070948124E0,-9.957304001E-1,-6.124709129E0
3.622209040E0,2.745738506E0,-1.022791386E0,-6.435028553E0
3.632263240E0,2.664715767E0,-9.629461765E-1,-6.460123062E0
3.642317373E0,2.972150326E0,-8.379306793E-1,-6.361226559E0
3.652371373E0,3.259581089E0,-6.802374721E-1,-6.368801117E0
3.662423873E0,3.363513947E0,-6.778081656E-1,-6.367178440E0
3.672476306E0,3.417072296E0,-6.153984666E-1,-6.573072910E0
3.682528706E0,3.461361408E0,-6.899017096E-1,-6.436664104E0
3.692581006E0,3.680021763E0,-6.338267922E-1,-6.080814362E0
3.702633139E0,3.888699532E0,-5.878590941E-1,-5.881163120E0
3.712685205E0,3.860667229E0,-6.912328005E-1,-5.878208160E0
3.722737271E0,3.969612122E0,-8.249772787E-1,-5.980679989E0
3.732789237E0,4.009305000E0,-8.104702234E-1,-6.191683769E0
3.742841237E0,4.199289799E0,-8.486589789E-1,-6.436512470E0
3.752893237E0,4.387299061E0,-7.546812892E-1,-6.383131027E0
3.762945303E0,4.511669636E0,-6.207991242E-1,-6.218501091E0
3.772997636E0,4.372806549E0,-7.343226075E-1,-6.209073067E0
3.783050302E0,4.371589184E0,-7.316995263E-1,-6.238202095E0
3.793103368E0,4.212948799E0,-6.594662666E-1,-6.083423615E0
3.803156601E0,3.995249748E0,-7.010400295E-1,-6.068249702E0
3.813210101E0,3.839220524E0,-7.427929044E-1,-6.039969921E0
3.823263734E0,3.570447445E0,-8.841089606E-1,-6.176895142E0
3.833317434E0,3.424736500E0,-8.645420074E-1,-6.386874199E0
3.843372967E0,3.549001217E0,-8.219907284E-1,-6.308841228E0
3.853428433E0,3.557522297E0,-8.089736700E-1,-6.021680355E0
3.863483766E0,3.567717075E0,-7.428840995E-1,-6.076587677E0
3.873539232E0,3.432130337E0,-7.669454813E-1,-5.961587906E0
3.883594532E0,3.395448685E0,-8.548115492E-1,-5.717746735E0
3.893649865E0,3.571813583E0,-7.896062136E-1,-5.566982269E0
3.903703465E0,3.562391758E0,-8.905794621E-1,-5.711597919E0
3.913763998E0,3.507745266E0,-9.418312311E-1,-5.745931625E0
3.923824531E0,3.533538818E0,-8.734745979E-1,-5.621733665E0
3.933885197E0,3.650163651E0,-7.699431777E-1,-5.320836067E0
3.943945797E0,3.691763401E0,-7.004789114E-1,-5.366433144E0
3.954006430E0,3.563118935E0,-7.031326294E-1,-5.580916882E0
3.964066963E0,3.483473301E0,-7.895988226E-1,-5.568051338E0
3.974127429E0,3.502890587E0,-8.334653378E-1,-5.526631832E0
3.984187929E0,3.468092442E0,-8.129755259E-1,-5.765052795E0
3.994248229E0,3.405915260E0,-7.673836350E-1,-5.835885525E0
4.004308595E0,3.231945992E0,-8.050625324E-1,-5.648241043E0
4.014368895E0,3.053963184E0,-8.285439014E-1,-5.284735203E0
4.024429228E0,3.051759243E0,-8.299056292E-1,-5.137581825E0
4.034489461E0,2.983209610E0,-6.218426228E-1,-5.115108490E0
4.044549727E0,2.906306744E0,-6.824575067E-1,-5.016725540E0
4.054609860E0,2.778718948E0,-6.884095073E-1,-4.929553986E0
4.064669893E0,2.734163761E0,-6.163381338E-1,-4.869761467E0
4.074729759E0,2.727218628E0,-6.549690366E-1,-4.782472610E0
4.084791225E0,2.721675873E0,-7.401382923E-1,-4.787141800E0
4.094852525E0,2.714643478E0,-7.030795813E-1,-4.775271416E0
4.104913691E0,2.756450176E0,-6.846414804E-1,-4.820716858E0
4.114974691E0,2.493848801E0,-8.198174238E-1,-4.778294086E0
4.125035691E0,2.264278412E0,-8.022122383E-1,-4.769996166E0
4.135096491E0,2.025692940E0,-8.014172316E-1,-4.586372375E0
4.145155491E0,1.837096214E0,-8.094687462E-1,-4.492512703E0
4.155214491E0,1.522214413E0,-8.842552304E-1,-4.326576233E0
4.165273524E0,1.280179501E0,-9.067478180E-1,-4.330808640E0
4.175332290E0,1.169502258E0,-9.577680826E-1,-4.559263229E0
4.185391290E0,1.070298195E0,-1.038645029E0,-4.813369751E0
4.195450390E0,9.478039742E-1,-9.777539968E-1,-4.965263844E0
4.205509623E0,6.510710716E-1,-8.527711630E-1,-5.221080780E0
4.215562056E0,3.390879631E-1,-8.518413305E-1,-5.292057037E0
4.225614522E0,1.878690720E-2,-9.420813918E-1,-5.260915756E0
4.235666822E0,-3.663024902E-1,-1.068739891E0,-5.281147003E0
4.245719122E0,-7.016320229E-1,-1.183747530E0,-5.210913658E0
4.255771522E0,-1.054001331E0,-1.243757844E0,-5.091034889E0
4.265824155E0,-1.429574013E0,-1.172921896E0,-5.068381786E0
4.275877088E0,-1.880500793E0,-1.200517058E0,-4.979615688E0
4.285930354E0,-2.253862381E0,-1.073759079E0,-5.019374371E0
4.295983920E0,-2.637598991E0,-9.737665653E-1,-5.198623180E0
4.306037553E0,-3.007081509E0,-1.084021449E0,-5.160791397E0
4.316091319E0,-3.162236214E0,-1.098597407E0,-5.288835049E0
4.326147352E0,-3.464578152E0,-1.047022462E0,-5.618498325E0
4.336203785E0,-3.824172497E0,-1.131094575E0,-5.933227062E0
4.346260418E0,-4.196833611E0,-1.245726705E0,-5.850655079E0
4.356317218E0,-4.931629181E0,-1.221229553E0,-5.707859993E0
4.366374151E0,-5.620027542E0,-1.094069362E0,-5.689992905E0
4.376431117E0,-6.074928761E0,-9.609730244E-1,-5.765204906E0
4.386486450E0,-6.286676407E0,-9.934269190E-1,-6.045320034E0
4.396541883E0,-6.270183563E0,-1.169495463E0,-6.243351936E0
4.406597383E0,-6.370141506E0,-1.518095136E0,-5.861331940E0
4.416653149E0,-6.033635139E0,-1.721788883E0,-5.487664700E0
4.426709015E0,-5.155751705E0,-1.516123772E0,-5.479596615E0
4.436765081E0,-4.686180592E0,-1.486017466E0,-5.521018028E0
4.446821281E0,-4.191574574E0,-1.364928007E0,-5.716958046E0
4.456877647E0,-3.830917835E0,-1.140166759E0,-5.792879581E0
4.466934413E0,-3.543196201E0,-1.128848672E0,-5.749754429E0
4.476991613E0,-3.231154919E0,-1.188114643E0,-5.102728844E0
4.487048913E0,-2.797309399E0,-8.099520206E-1,-4.781413078E0
4.497106246E0,-1.946298122E0,-2.938889265E-1,-5.368224621E0
4.507163879E0,-1.083726406E0,-3.326630592E-1,-6.089114189E0
4.517221545E0,-5.817222595E-2,-4.969180822E-1,-7.112649918E0
4.527279211E0,1.008614540E0,-7.240140438E-1,-7.247281075E0
4.537336977E0,2.024118423E0,-5.948848724E-1,-7.409110069E0
4.547394877E0,2.761240959E0,-8.622547388E-1,-7.088358879E0
4.557452843E0,3.365867615E0,-1.331281066E0,-6.339382172E0
4.567515376E0,3.845426559E0,-1.401215792E0,-6.146718979E0
4.577577742E0,4.973590851E0,-1.671334386E0,-6.603601456E0
4.587639975E0,6.258207321E0,-1.745455623E0,-7.159186363E0
4.597702341E0,7.837768555E0,-1.225721598E0,-7.499194145E0
4.607764741E0,8.158465385E0,-5.744773746E-1,-6.861072063E0
4.617827074E0,1.008753967E1,-3.961182833E-1,-5.658405304E0
4.627887240E0,1.243722439E1,-8.651387691E-2,-4.968453407E0
4.637947240E0,1.514304924E1,5.297453403E-1,-5.733365059E0
4.648007173E0,1.861394501E1,5.253460407E-1,-6.926546097E0
4.658067206E0,2.354462433E1,1.233237982E-1,-7.818938255E0
4.668127339E0,2.761655426E1,-2.407306433E-1,-8.325248718E0
4.678187539E0,3.063286591E1,-1.212080717E-1,-8.951416016E0
4.688247872E0,3.190140152E1,-7.139718533E-2,-1.061417007E1
4.698308305E0,3.188689995E1,2.200744152E-1,-1.081252861E1
4.708368738E0,3.112895203E1,-1.383267641E-1,-1.056224823E1
4.718428904E0,2.899117661E1,1.818922758E-1,-1.085249424E1
4.728489037E0,2.632446671E1,-1.362701654E-1,-1.096988678E1
4.738549203E0,2.316650009E1,-8.549139500E-1,-1.114250946E1
4.748609403E0,2.030231857E1,-1.226384163E0,-1.109660053E1
4.758669536E0,1.808000755E1,-1.648305178E0,-1.078004551E1
4.768729336E0,1.750313950E1,-1.408641458E0,-9.713235855E0
4.778788802E0,1.887171936E1,-1.181809425E0,-9.739677429E0
4.788848135E0,1.861753845E1,-1.055775166E0,-1.047743988E1
4.798907335E0,1.669218445E1,-1.569969058E0,-9.613515854E0
4.808970835E0,1.413593006E1,-2.101714373E0,-9.079231262E0
4.819034368E0,1.114943695E1,-2.083014965E0,-9.332959175E0
4.829098001E0,1.111241817E1,-1.477465749E0,-9.287645340E0
4.839161601E0,1.058144379E1,-4.929265380E-1,-7.595564842E0
4.849225167E0,1.056512165E1,4.929813147E-1,-6.787523270E0
4.859288700E0,1.049369049E1,-1.381433010E-1,-7.412714958E0
4.869347533E0,1.081265259E1,-7.120070457E-1,-7.914577484E0
4.879406433E0,1.104841042E1,-4.138824344E-1,-7.130576134E0
4.889465366E0,9.022677422E0,-1.046437025E-1,-6.334619999E0
4.899524132E0,2.716930389E0,-8.807458282E-1,-4.898820400E0
4.909582832E0,-4.469048977E0,-9.019059539E-1,-3.724851608E0
4.919641598E0,-1.424892807E1,-1.023799181E0,-5.901637077E0
4.929700264E0,-2.155047035E1,-1.158970475E0,-8.386127472E0
4.939758830E0,-2.887324524E1,-1.436459899E0,-9.932623863E0
4.949817396E0,-3.224163437E1,-3.275999308E0,-1.173335266E1
4.959875862E0,-3.017467117E1,-2.081429482E0,-1.303173161E1
4.969934128E0,-2.302073669E1,1.702499986E0,-1.454513931E1
4.979992261E0,-1.628188705E1,2.510367870E0,-1.431519127E1
4.990050327E0,-1.085171890E1,9.176218510E-2,-1.293366432E1
5.000108293E0,-7.173823357E0,-3.982215405E0,-1.597726250E1
5.010166426E0,-3.985331774E0,-4.488908768E0,-1.168144989E1
5.020224659E0,1.347517967E-1,-3.564365149E0,-7.918782711E0
5.030283025E0,2.257752895E0,-3.842885971E0,-3.650771618E0
5.040341358E0,8.700342178E-1,-3.822908640E0,-3.667941093E-1
5.050403924E0,-8.586869240E-1,-1.943341255E0,-1.158067703E0
5.060466424E0,-2.944673777E0,-2.998780012E-1,-2.239152431E0
5.070529057E0,-4.783345222E0,1.033602953E0,-2.548002243E0
5.080591890E0,-6.508498669E0,2.239766836E0,-2.714009285E0
5.090655023E0,-8.697642326E0,2.230505705E0,-2.776056767E0
5.100718256E0,-9.888819695E0,9.584065676E-1,-4.234389305E0
5.110776889E0,-9.906440735E0,-7.331233025E-1,-5.820560455E0
5.120835455E0,-9.724126816E0,-1.609702110E0,-7.625544548E0
5.130893955E0,-9.374492645E0,-1.800431252E0,-8.633584976E0
5.140952455E0,-8.431396484E0,-1.881862640E0,-8.901013374E0
5.151011088E0,-7.602185249E0,-1.723735332E0,-8.149960518E0
5.161069921E0,-6.681542397E0,-1.249195576E0,-7.288539410E0
5.171129021E0,-6.199942112E0,-9.325956702E-1,-6.559770584E0
5.181188354E0,-5.825375557E0,-8.763749599E-1,-6.253476143E0
5.191247720E0,-5.859950542E0,-1.085449457E0,-6.230607510E0
5.201307120E0,-5.867678642E0,-1.085750937E0,-6.971662521E0
5.211366553E0,-5.232979298E0,-8.379172683E-1,-7.821346760E0
5.221425819E0,-4.939090729E0,-4.928597212E-1,-7.990863800E0
5.231485119E0,-5.284258842E0,-1.305415630E-1,-8.129810333E0
5.241544519E0,-5.946229458E0,-1.790591478E-1,-8.334237099E0
5.251603919E0,-6.916548729E0,-6.111364961E-1,-8.440656662E0
5.261663319E0,-7.576126099E0,-1.070467710E0,-8.450871468E0
5.271722819E0,-7.991316795E0,-1.297065973E0,-8.188536644E0
5.281782385E0,-8.370488167E0,-1.373527527E0,-7.900560856E0
5.291843285E0,-8.605544090E0,-1.342321157E0,-7.577962875E0
5.301904185E0,-9.021068573E0,-1.187749147E0,-7.329250813E0
5.311965118E0,-8.706706047E0,-9.491023421E-1,-7.320864201E0
5.322025984E0,-8.685726166E0,-9.615764618E-1,-7.222961426E0
5.332086650E0,-8.515322685E0,-1.016392708E0,-6.735096455E0
5.342147316E0,-8.185872078E0,-9.525119066E-1,-6.388198853E0
5.352203582E0,-8.097458839E0,-8.244789839E-1,-5.858850002E0
5.362259648E0,-7.744196892E0,-6.167809367E-1,-6.416907787E0
5.372315414E0,-7.379022121E0,-7.887119055E-1,-7.076205730E0
5.382371047E0,-7.488401413E0,-1.067664981E0,-7.239670277E0
5.392426347E0,-7.714515209E0,-1.656716108E0,-7.278998852E0
5.402481547E0,-7.429488182E0,-2.023135185E0,-6.701798916E0
5.412536647E0,-7.476911068E0,-1.913493156E0,-6.070995808E0
5.422591613E0,-7.287351608E0,-1.965059400E0,-5.899829865E0
5.432646479E0,-6.784093380E0,-1.830229402E0,-6.783595562E0
5.442701412E0,-6.339452744E0,-1.932729244E0,-7.427367687E0
5.452756012E0,-5.607099056E0,-2.242830276E0,-8.029312134E0
5.462810345E0,-4.235687256E0,-2.079574347E0,-8.537140846E0
5.472864511E0,-3.070203781E0,-2.210163116E0,-9.080084801E0
5.482918311E0,-1.537416458E0,-1.577368021E0,-7.956726551E0
5.492971944E0,-2.878651619E-1,-1.231195450E0,-5.968990326E0
5.503025377E0,3.924302101E0,-1.951344728E0,-5.544699192E0
5.513078677E0,1.031971741E1,-1.831531525E-2,-5.147247314E0
5.523131910E0,1.854246140E1,1.997104764E0,-7.131554127E0
5.533187076E0,2.507450867E1,3.140606880E0,-8.419231415E0
5.543242076E0,2.732000923E1,4.706821442E0,-7.206466198E0
5.553297042E0,2.722120094E1,2.579174519E0,-6.226491928E0
5.563351942E0,2.440588379E1,-9.493244886E-1,-7.740890980E0
5.573406808E0,2.056979752E1,-3.550284624E0,-8.410927773E0
5.583461674E0,1.812920380E1,-4.049662113E0,-6.728994846E0
5.593515207E0,1.491815758E1,-3.090262890E0,-5.849178791E0
5.603568573E0,1.251997948E1,-1.651222706E0,-6.420327187E0
5.613621573E0,1.258407974E1,-7.426264882E-1,-6.639175415E0
5.623674539E0,1.278959465E1,2.106190920E-1,-6.650274277E0
5.633727605E0,1.354052830E1,2.004089355E0,-6.354052544E0
5.643780538E0,1.378579521E1,1.353296041E0,-6.006029606E0
5.653833604E0,1.386851501E1,1.087418795E-1,-6.084359169E0
5.663886870E0,1.421045780E1,-6.294440031E-1,-6.481399059E0
5.673940470E0,1.443228149E1,-1.220485210E0,-6.618992805E0
5.683994103E0,1.419509411E1,-1.439389110E0,-6.739843369E0
5.694047803E0,1.374404716E1,-1.472945333E0,-6.676975250E0
5.704101569E0,1.387501621E1,-1.146627188E0,-6.234016418E0
5.714155402E0,1.413935661E1,-4.534572363E-1,-5.924078941E0
5.724209368E0,1.466539669E1,1.413187981E-1,-5.627279282E0
5.734263568E0,1.528335476E1,4.270315170E-1,-4.981722355E0
5.744317834E0,1.548716068E1,3.794864416E-1,-4.735179901E0
5.754372300E0,1.590576267E1,1.476335526E-2,-5.221444130E0
5.764426733E0,1.537384129E1,-7.198607922E-2,-5.449705601E0
5.774482433E0,1.373521233E1,-1.542323828E-1,-5.347020626E0
5.784538199E0,1.249421406E1,-2.340415716E-1,-5.341888905E0
5.794593965E0,1.019137764E1,-4.898889065E-1,-5.444405079E0
5.804649931E0,8.492754936E0,-6.056435108E-1,-5.599546909E0
5.814705997E0,7.150755882E0,-9.239999652E-1,-5.472676277E0
5.824762163E0,6.144815445E0,-1.012024403E0,-5.270282745E0
5.834816363E0,5.232402325E0,-1.121972084E0,-5.298974991E0
5.844870629E0,4.313784122E0,-1.275526285E0,-5.387721539E0
5.854924795E0,3.662953377E0,-1.240207434E0,-5.482741833E0
5.864978961E0,3.051578522E0,-1.099422216E0,-5.612828732E0
5.875033094E0,2.486704826E0,-9.429047108E-1,-5.692389965E0
5.885086960E0,2.071439266E0,-9.088735580E-1,-5.405299664E0
5.895140660E0,1.593063831E0,-7.106866837E-1,-5.111657143E0
5.905194360E0,1.010129452E0,-5.639212132E-1,-4.904691696E0
5.915248260E0,6.212072372E-1,-7.220119238E-1,-4.884898663E0
5.925302226E0,2.452573776E-1,-7.498801947E-1,-5.139949799E0
5.935355992E0,-1.161527634E-1,-6.630110741E-1,-5.527624130E0
5.945409825E0,-5.883016586E-1,-7.600207329E-1,-6.127862453E0
5.955463525E0,-1.172423840E0,-9.422999620E-1,-6.791247845E0
5.965517125E0,-1.358973980E0,-8.530622125E-1,-7.080621719E0
5.975570525E0,-1.750970840E0,-7.312728167E-1,-6.968376637E0
5.985623791E0,-2.301244259E0,-9.609138370E-1,-6.653536797E0
5.995676824E0,-2.792702675E0,-1.149298429E0,-6.377592087E0
6.005729690E0,-3.324537277E0,-1.116206646E0,-6.127756119E0
6.015787123E0,-3.937286615E0,-1.124882817E0,-6.010314465E0
6.025844389E0,-4.807044983E0,-1.208535910E0,-6.265226841E0
6.035901355E0,-5.875656128E0,-1.244560480E0,-6.881060600E0
6.045958121E0,-6.735758781E0,-1.361304998E0,-7.185009003E0
6.056014621E0,-7.344846249E0,-1.323286295E0,-6.886250973E0
6.066070954E0,-7.280190945E0,-1.171670079E0,-6.620544434E0
6.076125854E0,-7.273363590E0,-1.256991386E0,-5.920073509E0
6.086180654E0,-6.979810715E0,-1.183384418E0,-5.351610184E0
6.096235187E0,-6.690724850E0,-1.023573160E0,-5.099413395E0
6.106289553E0,-5.914672852E0,-8.190792799E-1,-5.133159161E0
6.116343586E0,-5.177127838E0,-6.732039452E-1,-5.540711880E0
6.126397519E0,-4.481609344E0,-6.643650532E-1,-5.865369797E0
6.136451419E0,-3.402858496E0,-6.869878769E-1,-6.028561592E0
6.146505285E0,-2.201490879E0,-6.401797533E-1,-6.181602001E0
6.156559118E0,-9.629373550E-1,-7.646291256E-1,-6.011861801E0
6.166613018E0,3.493232727E-1,-9.139671922E-1,-5.832584858E0
6.176666851E0,1.862370968E0,-1.033404708E0,-5.179552555E0
6.186720751E0,3.151492596E0,-8.779627085E-1,-4.439402580E0
6.196774584E0,4.621357918E0,-9.629505873E-1,-3.992402315E0
6.206828384E0,6.074668884E0,-1.152543783E0,-3.705445766E0
6.216881950E0,7.219163418E0,-1.198024273E0,-3.463422060E0
6.226935383E0,8.156140327E0,-9.600681663E-1,-3.695881844E0
6.236988849E0,8.531503677E0,-5.941735506E-1,-4.360174179E0
6.247042315E0,7.519804478E0,-6.490557194E-1,-5.241517544E0
6.257100148E0,6.255685329E0,-7.569374442E-1,-5.707381725E0
6.267158014E0,4.534886837E0,-8.499344587E-1,-5.574568272E0
6.277215914E0,2.763682842E0,-8.800840378E-1,-5.295528412E0
6.287273814E0,1.178039074E0,-9.472427368E-1,-4.993789196E0
6.297331947E0,-9.966039658E-2,-1.093110800E0,-4.779769897E0
6.307390213E0,-9.929871559E-1,-1.115566373E0,-4.571659565E0
6.317443946E0,-1.382733345E0,-8.367610574E-1,-4.735527515E0
6.327497879E0,-1.558688641E0,-6.344802380E-1,-4.930274010E0
6.337551912E0,-1.219577789E0,-5.365621448E-1,-5.200818539E0
6.347606145E0,-3.251132965E-1,-5.627808571E-1,-5.426386833E0
6.357660611E0,7.438931465E-1,-4.711557627E-1,-5.450612068E0
6.367715311E0,1.993457317E0,-3.190059066E-1,-5.228807449E0
6.377770111E0,2.960484028E0,-2.975708842E-1,-5.116321564E0
6.387824977E0,3.864323616E0,-3.311750889E-1,-5.150543690E0
6.397880043E0,4.482402325E0,-4.459178448E-1,-4.910359383E0
6.407935209E0,4.897145748E0,-6.614238024E-1,-4.676865101E0
6.417990575E0,5.202050209E0,-5.870504379E-1,-4.364254951E0
6.428046108E0,5.288347244E0,-4.971475601E-1,-4.158807278E0
6.438101641E0,4.780307770E0,-7.116394639E-1,-4.079843044E0
6.448157174E0,4.016620159E0,-7.684174776E-1,-4.154694080E0
6.458212707E0,3.296351433E0,-7.815572023E-1,-4.399956703E0
6.468268240E0,2.737715721E0,-7.516694665E-1,-4.713876724E0
6.478323873E0,2.230322838E0,-6.670047641E-1,-4.885571480E0
6.488379673E0,1.751704216E0,-6.331913471E-1,-4.942513466E0
6.498440339E0,1.522622585E0,-6.602883339E-1,-5.110067844E0
6.508501105E0,1.350956440E0,-7.225035429E-1,-5.435454369E0
6.518562271E0,1.380406380E0,-7.554544210E-1,-5.547616482E0
6.528623604E0,1.534493923E0,-7.131193280E-1,-5.367819786E0
6.538684970E0,1.698067188E0,-6.645348072E-1,-5.453754425E0
6.548746303E0,1.902942181E0,-7.343760133E-1,-5.406211853E0
6.558803403E0,1.975505829E0,-7.706381083E-1,-5.331873894E0
6.568860503E0,2.007544518E0,-8.478866816E-1,-5.277018070E0
6.578917436E0,2.119295120E0,-8.437771797E-1,-5.077025890E0
6.588974369E0,2.310922146E0,-8.805450201E-1,-5.028905869E0
6.599031302E0,2.616625309E0,-8.225368261E-1,-5.149942398E0
6.609088268E0,2.838736534E0,-6.395655274E-1,-5.184861660E0
6.619145201E0,3.039104462E0,-5.831888318E-1,-4.922490120E0
6.629202167E0,3.172583580E0,-6.282706857E-1,-4.413217545E0
6.639259300E0,3.275969505E0,-6.110596061E-1,-4.124760628E0
6.649316333E0,3.173925877E0,-6.202113032E-1,-4.217339039E0
6.659373299E0,2.991377354E0,-6.980185509E-1,-4.490540504E0
6.669430199E0,2.887518883E0,-6.823515892E-1,-4.730298519E0
6.679487099E0,2.819823265E0,-6.772073507E-1,-4.762512207E0
6.689544032E0,2.659893990E0,-6.625568867E-1,-4.782244682E0
6.699600965E0,2.548166752E0,-5.914976001E-1,-4.826725006E0
6.709657931E0,2.513537407E0,-5.986580253E-1,-4.831174850E0
6.719714931E0,2.592833519E0,-5.650635958E-1,-5.097902298E0
6.729771864E0,2.540843964E0,-5.992912650E-1,-5.134854794E0
6.739830630E0,2.481515884E0,-6.165617108E-1,-4.987102509E0
6.749889496E0,2.400857925E0,-5.760505795E-1,-4.920828819E0
6.759948362E0,2.154181480E0,-6.368463039E-1,-5.025907040E0
6.770007062E0,1.925361156E0,-7.116606832E-1,-5.100455761E0
6.780065595E0,1.843553543E0,-7.474657297E-1,-5.168343544E0
6.790124161E0,1.794525623E0,-7.699524164E-1,-4.957474709E0
6.800178027E0,1.980652332E0,-6.533534527E-1,-4.797231674E0
6.810231860E0,2.150278091E0,-6.291136146E-1,-4.718552113E0
6.820285426E0,2.339635372E0,-5.955744386E-1,-4.997152805E0
6.830338859E0,2.568760872E0,-6.494279504E-1,-5.068824291E0
6.840392392E0,2.629320621E0,-7.218421698E-1,-4.907521248E0
6.850445825E0,2.684038639E0,-7.092376947E-1,-4.800296783E0
6.860499225E0,2.853724957E0,-6.787402630E-1,-4.832290173E0
6.870552825E0,2.873887539E0,-7.206288576E-1,-4.726862907E0
6.880606625E0,2.644756794E0,-7.941060066E-1,-4.602235794E0
6.890660591E0,2.617683411E0,-8.458679318E-1,-4.600756168E0
6.900714491E0,2.553977013E0,-7.994199991E-1,-4.708882332E0
6.910768357E0,2.488108158E0,-7.949185371E-1,-4.601105690E0
6.920822190E0,2.331957340E0,-7.017851472E-1,-4.455405712E0
6.930882923E0,2.179994106E0,-6.575115919E-1,-4.423758507E0
6.940943589E0,2.051020622E0,-6.457676888E-1,-4.460216045E0
6.951004322E0,2.155177116E0,-6.855313182E-1,-4.604919910E0
6.961065155E0,2.243922234E0,-7.493371964E-1,-4.595275879E0
6.971126188E0,2.220174789E0,-7.460719347E-1,-4.480006218E0
6.981189421E0,2.286948204E0,-7.189624310E-1,-4.464392662E0
6.991252754E0,2.290963650E0,-7.284953594E-1,-4.548812389E0
7.001316154E0,2.057262421E0,-7.563195229E-1,-4.560595989E0
7.011379520E0,1.928592205E0,-7.561511993E-1,-4.564385891E0
7.021442953E0,1.746864796E0,-7.505288124E-1,-4.607540607E0
7.031506386E0,1.554337025E0,-7.630824447E-1,-4.653008461E0
7.041568019E0,1.448875904E0,-7.095980644E-1,-4.599751949E0
7.051629585E0,1.403241634E0,-6.932291985E-1,-4.426371098E0
7.061691151E0,1.521012783E0,-7.200843096E-1,-4.181355476E0
7.071752884E0,1.844336510E0,-5.808188915E-1,-4.155690193E0
7.081814850E0,1.927544117E0,-5.166508555E-1,-4.281936646E0
7.091876683E0,1.898489952E0,-5.509723425E-1,-4.271370888E0
7.101938383E0,1.881379128E0,-4.542567134E-1,-4.101964474E0
7.112000116E0,1.843289375E0,-3.772251606E-1,-3.863152742E0
7.122061916E0,1.801863670E0,-4.724312425E-1,-3.924627304E0
7.132123682E0,1.757167816E0,-5.696379542E-1,-3.915498257E0
7.142185248E0,1.641712189E0,-5.836204886E-1,-3.844996929E0
7.152246814E0,1.540980339E0,-6.614845991E-1,-3.697977781E0
7.162308247E0,1.404144287E0,-6.960439682E-1,-3.737303257E0
7.172369447E0,1.400392532E0,-5.950374603E-1,-3.870984077E0
7.182430513E0,1.455430984E0,-4.999281466E-1,-3.737236023E0
7.192491513E0,1.500709534E0,-4.226191640E-1,-3.540477753E0
7.202552479E0,1.578066826E0,-3.607513905E-1,-3.368231535E0
7.212613312E0,1.530732155E0,-3.955543041E-1,-3.353879690E0
7.222675845E0,1.444712639E0,-4.604175985E-1,-3.353478193E0
7.232731378E0,1.348239899E0,-5.563586950E-1,-3.433633327E0
7.242786878E0,1.257462502E0,-6.224591136E-1,-3.504963398E0
7.252842111E0,1.169719696E0,-6.021209359E-1,-3.550567627E0
7.262897044E0,1.028383255E0,-5.422627926E-1,-3.474573612E0
7.272951710E0,9.211635590E-1,-4.695172310E-1,-3.296864510E0
7.283004043E0,8.450546265E-1,-4.239228666E-1,-3.262885571E0
7.293056309E0,9.464445114E-1,-3.641471267E-1,-3.298099995E0
7.303108609E0,8.564596176E-1,-4.009346962E-1,-3.318291664E0
7.313160775E0,9.477672577E-1,-3.745650053E-1,-3.362131357E0
7.323212808E0,9.557647705E-1,-3.390273452E-1,-3.283935785E0
7.333264774E0,1.135000229E0,-3.161355257E-1,-3.056579113E0
7.343316640E0,1.193463326E0,-4.218253195E-1,-2.893432140E0
7.353368473E0,1.191533089E0,-4.348646402E-1,-2.699823618E0
7.363420273E0,1.150657654E0,-4.148512483E-1,-2.743783474E0
7.373471973E0,1.040889740E0,-4.444498718E-1,-2.950928211E0
7.383523406E0,9.331550598E-1,-4.916969240E-1,-3.022526979E0
7.393574906E0,7.640647888E-1,-3.921171427E-1,-2.841662407E0
7.403626372E0,7.098083496E-1,-2.898924947E-1,-2.743773937E0
7.413677738E0,7.099170685E-1,-2.768269181E-1,-2.621986866E0
7.423728871E0,7.021732330E-1,-1.855962276E-1,-2.390039921E0
7.433779871E0,6.723709106E-1,-2.203390598E-1,-2.275500298E0
7.443830937E0,7.429342270E-1,-2.681021690E-1,-2.283868313E0
7.453882003E0,8.067712784E-1,-2.127737403E-1,-2.306709766E0
7.463934603E0,8.044719696E-1,-2.242268324E-1,-2.297223330E0
7.473987269E0,7.766370773E-1,-2.381956577E-1,-2.202478409E0
7.484039969E0,8.115911484E-1,-2.350461483E-1,-2.273387432E0
7.494092502E0,7.440357208E-1,-2.364634871E-1,-2.143385410E0
7.504144868E0,6.122140884E-1,-3.410826921E-1,-2.075634956E0
7.514197101E0,5.980644226E-1,-3.110289574E-1,-2.122878075E0
7.524247567E0,4.763069153E-1,-3.212370872E-1,-2.092978477E0
7.534297833E0,4.686594009E-1,-3.240799904E-1,-2.064756393E0
7.544347833E0,4.678220749E-1,-3.076474071E-1,-1.981748700E0
7.554397866E0,4.625625610E-1,-2.384336591E-1,-1.967984319E0
7.564448032E0,4.846000671E-1,-2.152117491E-1,-1.895743251E0
7.574498232E0,5.023050308E-1,-2.065103054E-1,-1.739798546E0
7.584548365E0,5.324010849E-1,-1.538573503E-1,-1.672632694E0
7.594598331E0,7.170171738E-1,-9.438502789E-2,-1.545849800E0
7.604648164E0,6.880388260E-1,-1.124442816E-1,-1.447470546E0
7.614698097E0,5.911760330E-1,-1.275012493E-1,-1.393193126E0
7.624747963E0,4.522590637E-1,-2.276531756E-1,-1.381865859E0
7.634797863E0,4.122619629E-1,-3.039430976E-1,-1.503852487E0
7.644847829E0,3.894243240E-1,-2.706970870E-1,-1.566981077E0
7.654897762E0,3.091011047E-1,-2.919408083E-1,-1.493588805E0
7.664947695E0,2.854080200E-1,-3.084063530E-1,-1.450765729E0
7.674997528E0,2.724990845E-1,-3.058609664E-1,-1.398642421E0
7.685047361E0,3.855705261E-1,-2.497780621E-1,-1.196437120E0
7.695097061E0,4.098577499E-1,-1.963449717E-1,-1.128617764E0
7.705151527E0,4.158983231E-1,-1.765761971E-1,-1.100469112E0
7.715205960E0,3.420410156E-1,-2.414611578E-1,-1.023215771E0
7.725260493E0,2.863435745E-1,-3.305464685E-1,-9.352190495E-1
7.735315293E0,1.596078873E-1,-2.762674987E-1,-8.828418255E-1
7.745370193E0,1.722002029E-1,-2.976212502E-1,-8.794674873E-1
7.755425093E0,2.091903687E-1,-2.910913229E-1,-8.272042274E-1
7.765478493E0,1.585254669E-1,-2.763815522E-1,-7.638235092E-1
7.775531893E0,1.400165558E-1,-2.682784796E-1,-7.569227219E-1
7.785585293E0,1.078758240E-1,-2.640735507E-1,-6.522299051E-1
7.795638759E0,1.314840317E-1,-1.131092906E-1,-6.027947664E-1
7.805692492E0,1.248140335E-1,-2.232325077E-2,-6.212341785E-1
7.815746525E0,6.855392456E-2,-6.933748722E-3,-4.744623899E-1
7.825800691E0,-1.347732544E-2,8.887916803E-2,-5.163804293E-1
7.835854991E0,3.437900543E-2,5.614471436E-2,-7.160433531E-1
7.845909391E0,7.243347168E-2,-4.239994287E-2,-7.129696608E-1
7.855963857E0,5.232048035E-2,-6.714579463E-2,-5.554323196E-1
7.866018290E0,1.112794876E-1,-7.526624203E-2,-5.485610962E-1
7.876072723E0,6.053733826E-2,-6.269571185E-2,-5.145367384E-1
7.886127323E0,1.368637085E-1,-4.898914695E-2,-6.506242752E-1
7.896181789E0,1.389694214E-1,-3.407654166E-2,-6.592429876E-1
7.906236189E0,7.173061371E-2,-9.019148350E-2,-4.113876820E-1
7.916290522E0,1.100111008E-1,-1.189956367E-1,-2.354547977E-1
7.926345055E0,1.085481644E-1,-8.675092459E-2,-3.853162527E-1
7.936399688E0,5.515480042E-2,-1.061725914E-1,-4.695974588E-1
7.946457188E0,3.767871857E-2,-1.183529198E-1,-6.143741608E-1
7.956514721E0,2.476215363E-2,-5.663082004E-2,-6.409331560E-1
7.966572387E0,5.667686462E-2,-3.646662831E-2,-4.919517040E-1
7.976630153E0,1.073589325E-1,-4.233098030E-2,-3.048046827E-1
7.986688086E0,2.863597870E-2,-7.006722689E-2,-2.099416256E-1
7.996746119E0,-5.719375610E-2,-1.106565893E-1,-1.389311552E-1
8.006799419E0,-2.707481384E-2,-6.591069698E-2,-1.232970953E-1
8.016852852E0,1.583003998E-2,-1.064560413E-1,1.275086403E-2
8.026906252E0,4.751586914E-2,-6.235301495E-2,6.842780113E-2
8.036959585E0,2.115316391E-1,-1.253274083E-2,-8.264362812E-2
8.047012885E0,2.754545212E-1,-5.195543170E-2,-1.619744301E-1
8.057066285E0,2.870111465E-1,-3.374797106E-2,-2.000621557E-1
8.067119718E0,2.867136002E-1,3.765895963E-2,-2.628544569E-1
8.077173118E0,2.120904922E-1,3.052175045E-2,-3.060005903E-1
8.087226484E0,6.790161133E-2,7.796952128E-2,-2.069926262E-1
8.097279850E0,-3.092384338E-2,5.486902595E-2,-1.261073351E-1
8.107332983E0,-1.728239059E-1,-3.082576394E-2,-1.026146412E-1
8.117385816E0,-3.243455887E-1,-8.305808902E-2,-2.009963989E-1
8.127438516E0,-1.982984543E-1,-5.828261375E-2,-1.716325283E-1
8.137491182E0,1.118927002E-1,3.029683232E-2,-7.208096981E-2
8.147543948E0,1.611442566E-1,-7.581174374E-3,-2.304303646E-2
8.157596614E0,1.700344086E-1,-3.168123960E-2,-1.840778589E-1
8.167649314E0,2.675695419E-1,1.650229096E-2,-3.624670506E-1
8.177701914E0,2.691621780E-1,-1.517367363E-2,-2.816220522E-1
8.187759614E0,6.244373322E-2,1.512786746E-2,-1.287380457E-1
8.197817447E0,4.285240173E-2,4.941594601E-2,-1.095499992E-1
8.207875247E0,-1.967525482E-2,1.077011228E-2,-1.447641850E-2
8.217933013E0,-1.203393936E-1,1.181983948E-2,-5.408561230E-2
8.227990679E0,-1.488389969E-1,-1.376974583E-2,-1.196172237E-1
8.238048112E0,-9.828948975E-2,3.758770227E-2,-2.214419842E-1
8.248102545E0,-9.105968475E-2,2.419349551E-2,-2.954850197E-1
8.258156911E0,2.806472778E-2,-6.380259991E-2,-2.890523672E-1
8.268211177E0,1.871967316E-1,-5.059242249E-2,-2.857598066E-1
8.278265377E0,1.664543152E-1,-5.864813924E-2,-8.671867847E-2
8.288319610E0,1.458406448E-1,1.289993525E-2,6.113207340E-2
8.298373810E0,1.685981750E-1,4.761472344E-2,-6.169915199E-3
8.308427943E0,1.701221466E-1,8.099544048E-2,-8.750796318E-3
8.318482009E0,8.566856384E-2,8.618453145E-2,2.799153328E-2
8.328536309E0,-4.886722565E-2,1.421776414E-2,-1.062047482E-2
8.338590642E0,5.378818512E-2,5.557766557E-2,-1.287693977E-1
8.348644942E0,-1.804924011E-2,8.259445429E-3,-2.822232246E-2
8.358699275E0,-8.039188385E-2,-5.865296721E-2,-1.090941429E-1
8.368753575E0,1.298999786E-2,-4.778292775E-2,-1.854393482E-1
8.378807841E0,2.281475067E-1,-2.663138509E-2,-1.737167835E-1
8.388862174E0,2.035684586E-1,-4.781579971E-2,-2.728267908E-1
8.398916540E0,1.546163559E-1,-1.562565565E-3,-1.012761593E-1
8.408971040E0,8.635711670E-2,-7.854074240E-3,-2.929675579E-2
8.419025840E0,-5.094528198E-2,3.062966466E-2,-8.635079861E-2
8.429085640E0,-9.935569763E-2,8.784690499E-2,-2.481136322E-1
8.439145640E0,-4.259681702E-2,1.065281332E-1,-3.201634884E-1
8.449205773E0,3.561306000E-2,9.068489075E-2,-3.026198149E-1
8.459266073E0,1.041650772E-1,1.410487294E-2,-1.095392704E-1
8.469326339E0,-2.585220337E-2,7.405370474E-3,2.505350113E-2
8.479386672E0,9.825134277E-2,4.204007983E-2,1.595878601E-1
8.489442338E0,3.582286835E-2,3.041893244E-2,1.366962194E-1
8.499498138E0,-9.314727783E-2,-3.985705972E-2,-9.443998337E-3
8.509554071E0,-5.665588379E-2,-7.802096009E-2,-1.576128006E-1
8.519610104E0,7.289695740E-2,3.151169419E-2,-1.223473549E-1
8.529666370E0,1.397008896E-1,4.570183158E-2,-1.366424561E-1
8.539722803E0,1.052875519E-1,1.113325357E-2,-4.352903366E-2
8.549779503E0,6.596565247E-2,-3.386172652E-2,-4.201269150E-2
8.559836403E0,3.646469116E-2,-4.857113957E-2,2.128101587E-1
8.569893536E0,7.245063782E-3,-7.008776069E-2,3.060873747E-1
8.579950802E0,3.134918213E-2,-4.444068670E-2,1.966567039E-1
8.590008002E0,2.732181549E-2,-9.988790751E-2,4.019498825E-2
8.600065302E0,2.611255646E-2,-1.081653535E-1,-6.686842442E-2
8.610122835E0,9.680843353E-2,-5.486500263E-2,-1.749206781E-1
8.620180435E0,1.504573822E-1,-1.628218591E-1,-3.606734276E-1
8.630238068E0,2.228136063E-1,-1.211970448E-1,-3.523169756E-1
8.640295734E0,2.082052231E-1,-7.791656256E-2,-1.984412670E-1
8.650353434E0,1.500806808E-1,-6.761988997E-2,-7.072687149E-2
8.660411034E0,1.182966232E-1,1.433488727E-2,1.162457466E-2
8.670470267E0,7.481861115E-2,7.875496149E-2,-3.931105137E-2
8.680529367E0,-1.770973206E-3,9.449693561E-2,5.544304848E-3
8.690588467E0,-6.112384796E-2,8.740237355E-2,-4.798352718E-2
8.700647633E0,-1.181182861E-1,1.039334238E-1,-4.366397858E-2
8.710706699E0,2.118301392E-2,1.061522663E-1,-1.277264357E-1
8.720765565E0,-1.919746399E-2,1.078162491E-1,-9.880661964E-3
8.730819498E0,7.522583008E-3,6.334573030E-2,4.315459728E-2
8.740873264E0,7.055473328E-2,6.131979823E-2,5.895189047E-1
8.750926897E0,2.948350906E-1,1.303299665E-1,-7.661482692E-1
8.760980530E0,-1.415195465E-1,-7.655733824E-2,-5.008456707E-1
8.771034263E0,-3.094654083E-1,-1.215945780E-1,1.912677288E-2
8.781088063E0,-2.670488358E-1,2.973380685E-2,2.746243477E-1
8.791141496E0,-1.212167740E-1,4.332420230E-2,2.706114054E-1
8.801194996E0,-8.277988434E-2,1.175940037E-2,7.761561871E-2
8.811248596E0,8.528995514E-2,6.239470840E-2,-1.193835735E-1
8.821302162E0,2.198877335E-1,1.004924774E-1,-1.704176664E-1
8.831355462E0,9.803295135E-2,3.703504801E-2,-3.510510921E-2
8.841408662E0,1.220216751E-1,1.232892275E-3,3.238701820E-2
8.851461728E0,1.819801331E-1,1.616626978E-3,-8.492708206E-2
8.861514561E0,2.752780914E-1,-5.796355009E-2,-1.101709604E-1
8.871567261E0,3.512945175E-1,-1.291296482E-1,5.446934700E-2
8.881619861E0,2.932128906E-1,-8.930400014E-2,1.174449921E-3
8.891672427E0,1.181926727E-1,-4.936432838E-2,-2.316426039E-1
8.901724760E0,3.182506561E-2,-7.813259959E-2,-2.640227079E-1
8.911781760E0,-4.030799866E-2,-8.123478293E-2,5.096197128E-2
8.921838693E0,-1.053295135E-1,3.920039535E-2,1.121459007E-1
8.931895459E0,-1.725702286E-1,2.910903096E-2,7.859027386E-2
8.941951959E0,-1.631832123E-1,4.746392369E-2,1.048949957E-1
8.952008225E0,-1.659154892E-1,7.672449946E-2,-1.354885101E-2
8.962064325E0,-7.047462463E-2,1.072129011E-1,-6.475830078E-2
8.972118658E0,-1.457214355E-3,1.099776626E-1,-2.877199650E-2
8.982173224E0,-1.456909180E-1,-6.550064683E-2,-1.015045643E-1
8.992227724E0,-2.302141190E-1,-7.531782985E-2,-1.351180077E-1
9.002282090E0,-3.319549561E-1,-1.674279869E-1,3.482103348E-2
9.012336690E0,-3.575859070E-1,-1.721601188E-1,2.603193521E-1
9.022391390E0,-1.033163071E-1,-1.161174476E-1,4.416456223E-1
9.032445956E0,7.714271545E-2,-2.014729381E-2,4.903998375E-1
9.042500622E0,2.367591858E-2,5.213829875E-2,2.928805351E-1
9.052555355E0,3.283596039E-2,1.252554655E-1,1.268436909E-1
9.062610055E0,-1.401691437E-1,1.263261139E-1,5.324232578E-2
9.072664588E0,-4.047889709E-1,1.051081419E-1,3.912937641E-2
9.082718988E0,-4.809579849E-1,1.280808449E-1,8.748471737E-2
9.092773254E0,-4.905757904E-1,1.467226148E-1,1.780935526E-1
9.102827320E0,-8.042736053E-1,1.269682050E-1,1.429996490E-1
9.112881220E0,-9.788665771E-1,1.431035399E-1,8.082795143E-2
9.122935186E0,-1.064997673E0,1.425087750E-1,-1.131808758E-2
9.132989419E0,-1.252227783E0,1.314557791E-1,-4.724323750E-2
9.143043819E0,-1.428479195E0,1.570510864E-1,4.855215549E-2
9.153103119E0,-1.735447884E0,1.828936934E-1,6.133341789E-2
9.163162652E0,-2.133880138E0,4.838806391E-2,7.673633099E-2
9.173222185E0,-2.467950344E0,-6.957462430E-2,-6.919789314E-2
9.183281785E0,-2.790078640E0,-1.297296882E-1,-4.093747139E-1
9.193341518E0,-2.982943535E0,-2.968462110E-1,-7.328138351E-1
9.203401518E0,-3.372654915E0,-4.870528579E-1,-7.739064693E-1
9.213456751E0,-3.725075245E0,-4.736904204E-1,-5.546634197E-1
9.223512084E0,-4.161399364E0,-4.636605978E-1,-3.936229944E-1
9.233567417E0,-4.535434246E0,-3.700758815E-1,-3.605926335E-1
9.243623083E0,-4.744120121E0,-4.544884264E-1,-4.588840604E-1
9.253679016E0,-4.847250462E0,-4.496688247E-1,-4.557923377E-1
9.263735182E0,-5.270810127E0,-4.423277378E-1,-2.606129646E-1
9.273791382E0,-5.913075924E0,-4.870218933E-1,-9.400752187E-2
9.283847482E0,-6.802947521E0,-6.880556345E-1,1.693967581E-1
9.293903782E0,-7.270168304E0,-8.277217150E-1,1.511731148E-1
9.303960115E0,-7.353249550E0,-6.397081017E-1,-1.185503602E-2
9.314016248E0,-7.643559456E0,-4.863517582E-1,-1.014062762E-1
9.324072381E0,-7.765324116E0,-3.962592185E-1,-1.828117818E-1
9.334128647E0,-7.740188122E0,-2.781682611E-1,6.635606289E-3
9.344184880E0,-7.706890106E0,-9.388723969E-2,1.516252041E0
9.354241080E0,-7.445072651E0,-2.349008024E-1,3.499366045E-1
9.364297246E0,-7.247313499E0,-5.969703197E-1,-3.640236855E-1
9.374353646E0,-6.940947056E0,-6.136182547E-1,-1.656284332E0
9.384410146E0,-6.676662445E0,-1.960493624E-1,-1.866037130E0
9.394468012E0,-5.619525433E0,2.754578590E-1,-1.014961958E0
9.404525845E0,-4.560639381E0,6.872502565E-1,-1.727546453E-1
9.414583678E0,-3.806310654E0,1.000571847E0,2.663193941E-1
9.424641511E0,-3.480592251E0,8.516489863E-1,-6.359446049E-2
9.434699044E0,-3.533978462E0,6.125579476E-1,-3.437035084E-1
9.444756410E0,-3.336630344E0,3.986423314E-1,-1.770516634E-1
9.454808910E0,-2.909502506E0,-4.314063862E-2,1.697989702E-1
9.464861410E0,-2.483605385E0,-3.250555694E-2,6.373505592E-1
9.474913843E0,-2.411188126E0,-3.552414477E-1,1.342152596E0
9.484966176E0,-1.279011726E0,-4.124759138E-1,1.123803496E0
9.495018442E0,4.367446899E-2,-5.777645111E-1,4.976444244E-1
9.505070608E0,1.227488518E0,-4.105601609E-1,3.351826668E-1
9.515122741E0,2.411914825E0,1.630849689E-1,-4.149770737E-2
9.525174907E0,2.938257217E0,8.162906766E-1,-5.848124027E-1
9.535227240E0,3.883330345E0,9.404335022E-1,-1.100194693E0
9.545279606E0,4.608469963E0,7.347148061E-1,-1.868023634E0
9.555331872E0,6.071818352E0,2.829689384E-1,-2.095377684E0
9.565384172E0,7.666579247E0,2.767682076E-1,-1.872418642E0
9.575436705E0,8.613178253E0,7.351064682E-2,-1.764519215E0
9.585489305E0,9.936812401E0,-2.982431054E-1,-2.686349869E0
9.595541838E0,1.213332081E1,3.982616663E-1,-4.040563583E0
9.605594571E0,1.437983513E1,9.403510094E-1,-4.651934147E0
9.615647504E0,1.720006561E1,5.310544372E-1,-4.619575024E0
9.625700437E0,2.058269501E1,-2.026435733E-1,-4.427847862E0
9.635758070E0,2.357179642E1,-9.597640634E-1,-3.982607603E0
9.645815670E0,2.529643822E1,-1.213041306E0,-4.315801620E0
9.655873270E0,2.556994438E1,-1.194173574E0,-6.341177940E0
9.665930970E0,2.456647491E1,-1.419008136E0,-8.772355080E0
9.675988536E0,2.513113403E1,-1.193750858E0,-1.084300613E1
9.686046202E0,2.444644547E1,-3.543341756E-1,-9.325482368E0
9.696104035E0,2.363556480E1,-1.645198315E-1,-7.763598442E0
9.706162101E0,2.262789536E1,-2.138033509E-3,-5.498704910E0
9.716220234E0,2.194540787E1,9.214383960E-1,-4.192514420E0
9.726278467E0,2.122451401E1,5.226855278E-1,-4.843328953E0
9.736336900E0,2.044617081E1,7.564049959E-1,-5.319746971E0
9.746395566E0,1.830967522E1,1.262344480E0,-5.473655701E0
9.756454199E0,1.674009705E1,9.067303538E-1,-6.023158550E0
9.766512732E0,1.491669178E1,3.218353987E-1,-7.005960941E0
9.776571332E0,1.400480652E1,-1.544993520E-1,-7.843225479E0
9.786630065E0,1.342480659E1,-3.166800737E-2,-7.430274010E0
9.796688798E0,1.212232590E1,-5.524701476E-1,-6.878900528E0
9.806747564E0,1.012479591E1,-1.605509281E0,-6.735514641E0
9.816806364E0,9.731066704E0,-2.351855993E0,-5.636312485E0
9.826865064E0,9.213912010E0,-1.077160716E0,-2.940687656E0
9.836923664E0,8.672948837E0,1.347255349E0,-2.766679049E0
9.846982264E0,9.105544090E0,3.056288004E0,-3.400030375E0
9.857041030E0,8.364969254E0,3.032101870E0,-4.098490238E0
9.867099863E0,7.216320038E0,2.566900730E0,-5.105708122E0
9.877160163E0,5.241844177E0,1.790762067E0,-4.818907738E0
9.887220496E0,2.029726028E0,-1.620517015E0,-2.796005487E0
9.897280829E0,-1.625566483E0,-2.555027485E0,1.217680097E0
9.907341095E0,-9.690189362E0,-4.662913799E0,6.989882946E0
9.917401261E0,-1.974291039E1,-5.108436584E0,7.296292305E0
9.927461627E0,-2.501855087E1,-1.041868091E0,3.196188927E0
9.937517360E0,-2.827311707E1,1.351058364E0,-1.218020797E0
9.947579960E0,-3.254465866E1,-1.351473927E0,-3.314137220E0
9.957642593E0,-2.990634155E1,5.744159222E-1,-1.195374107E1
9.967705293E0,-2.366898918E1,1.305856824E0,-1.522978210E1
9.977768126E0,-1.541042137E1,1.265568972E0,-1.198527336E1
9.987830926E0,-1.038855743E1,-3.971411288E-1,-7.762162685E0
9.997892159E0,-7.120291710E0,-1.443864346E0,-5.564135551E0
1.000795326E1,-3.688045502E0,-1.484352946E0,-2.933426857E0
1.001801422E1,-2.222502232E0,-3.526441813E0,1.313640833E0
1.002807503E1,-2.421069622E0,-3.966892719E0,4.902920723E0
1.003813556E1,-3.863326073E0,-1.609638214E0,5.300793171E0
1.004819592E1,-5.684324265E0,-7.786180973E-1,2.759557009E0
1.005825629E1,-7.887862206E0,-7.683980465E-1,8.427333832E-2
1.006831666E1,-9.638264656E0,-3.435134888E-2,-2.101623535E0
1.007837702E1,-1.117660522E1,1.131068945E0,-4.340422630E0
1.008843746E1,-1.234894180E1,1.437922478E0,-5.007779121E0
1.009849812E1,-1.313338280E1,1.318061233E0,-4.662773132E0
1.010855885E1,-1.313612175E1,6.075645089E-1,-3.363130569E0
1.011862175E1,-1.251632690E1,2.299997211E-1,-1.592814445E0
1.012868475E1,-1.182304859E1,-9.232816100E-2,3.332376480E-3
1.013874795E1,-1.093305111E1,-5.066812634E-1,3.870329857E-1
1.014881109E1,-1.008531666E1,-4.461103380E-1,-2.009248734E-1
1.015887412E1,-9.839302063E0,-4.558505118E-1,-5.315871239E-1
1.016893715E1,-9.475538254E0,-4.576780200E-1,-3.462111950E-2
1.017899865E1,-8.903852463E0,6.426662207E-3,-5.142643452E-1
1.018906012E1,-8.896613121E0,-1.405659318E-2,-1.459222555E0
1.019912145E1,-9.222839355E0,-1.010290682E-1,-2.337891817E0
1.020918275E1,-9.700388908E0,1.820653677E-3,-3.383614540E0
1.021924395E1,-9.922591209E0,-1.091593206E-1,-3.852658987E0
1.022930482E1,-1.026910114E1,-1.890774965E-1,-3.544249058E0
1.023936565E1,-1.036927891E1,-7.289442420E-2,-2.966328859E0
1.024941952E1,-1.044437313E1,-1.097807884E-1,-2.425693274E0
1.025947335E1,-1.064667892E1,-2.628104091E-1,-1.590532780E0
1.026952715E1,-1.052149868E1,-3.999320865E-1,-1.126871586E0
1.027958082E1,-1.064173889E1,-4.981618524E-1,-1.515205503E0
1.028963445E1,-1.054991436E1,-1.072615623E0,-2.113398314E0
1.029968832E1,-1.063020515E1,-1.541787624E0,-2.718275070E0
1.030974242E1,-1.057942390E1,-1.467302203E0,-3.306552887E0
1.031979678E1,-1.039590359E1,-1.261641741E0,-3.568367481E0
1.032985128E1,-1.054215240E1,-1.078396320E0,-3.323952198E0
1.033990598E1,-1.085049152E1,-9.401117563E-1,-2.581161499E0
1.034996075E1,-1.099987125E1,-8.147796988E-1,-1.811481237E0
1.036001681E1,-1.114093208E1,-8.517941236E-1,-1.236937881E0
1.037007298E1,-1.117749119E1,-8.862364292E-1,-9.970185757E-1
1.038012918E1,-1.107330894E1,-6.826289296E-1,-9.081982374E-1
1.039018541E1,-1.092776489E1,-7.260583043E-1,-8.423435092E-1
1.040024141E1,-1.053968334E1,-9.832152128E-1,-6.997753382E-1
1.041029738E1,-1.017226315E1,-8.594214916E-1,-1.187295318E0
1.042035118E1,-9.960833549E0,-1.069493532E0,-1.405756950E0
1.043040504E1,-9.877161980E0,-1.360858917E0,-1.161344767E0
1.044045871E1,-9.491095543E0,-1.172385454E0,-8.745907545E-1
1.045051248E1,-9.319516182E0,-7.600241899E-1,-4.825892150E-1
1.046056648E1,-8.775588989E0,-6.267837286E-1,-5.183825493E-1
1.047062061E1,-8.079374313E0,-4.074827731E-1,-1.581155539E0
1.048067488E1,-6.603287697E0,-1.165542305E-1,-3.298289061E0
1.049072931E1,-4.349432468E0,2.602728605E-1,-3.843409777E0
1.050078394E1,-1.226507187E0,-6.575729847E-1,-3.096035719E0
1.051083854E1,3.646074295E0,-1.135179281E0,-2.303776026E0
1.052089327E1,9.703697205E0,-2.476974428E-1,-1.180976704E-1
1.053094811E1,1.739780426E1,3.173398972E-2,2.041023731E0
1.054100294E1,2.419746780E1,1.705220222E0,2.128893375E0
1.055105794E1,2.831258774E1,4.362700939E0,2.720105886E0
1.056111294E1,2.718822098E1,2.950296879E0,-1.034723520E-1
1.057116787E1,2.342610550E1,5.042762756E-1,-4.770313740E0
1.058122297E1,1.763417053E1,-7.448034286E-1,-8.321475029E0
1.059127827E1,1.033334541E1,-1.917905688E0,-6.903966904E0
1.060133481E1,7.404386520E0,-1.578814745E0,-2.828182459E0
1.061139124E1,8.385588646E0,-4.937017262E-1,1.761848927E-1
1.062144767E1,1.145973301E1,5.634276271E-1,7.547008395E-1
1.063150404E1,1.562400818E1,1.660858154E0,-1.638464928E-1
1.064156057E1,1.733412933E1,2.058642626E0,-1.306771755E0
1.065161714E1,1.811410522E1,2.542539597E0,-9.689315557E-1
1.066167254E1,1.686137962E1,2.765035391E0,-1.151423812E0
1.067172804E1,1.498806286E1,2.113877058E0,-1.597022057E0
1.068178354E1,1.260488892E1,1.533692002E0,-1.817392707E0
1.069183900E1,1.013084698E1,1.331467390E0,-2.025532722E0
1.070189447E1,8.167252541E0,1.042389274E0,-1.912079096E0
1.071194990E1,6.741376877E0,7.334812284E-1,-1.567666769E0
1.072200537E1,6.859680176E0,4.406702816E-1,-1.499070168E0
1.073206080E1,7.598628044E0,2.452814877E-1,-1.493492126E0
1.074211623E1,8.671088219E0,1.539062262E-1,-1.534271240E0
1.075217167E1,1.048379040E1,9.586611390E-2,-1.179099560E0
1.076222697E1,1.225085831E1,-1.970654130E-1,-5.900560021E-1
1.077228217E1,1.436734200E1,-2.701489925E-1,-6.025845408E-1
1.078233730E1,1.615295410E1,1.216431856E-1,-1.418713331E0
1.079239237E1,1.599284458E1,9.226459265E-2,-1.438685656E0
1.080244727E1,1.365060139E1,7.236352563E-1,-1.615538120E0
1.081250233E1,1.067792892E1,8.040457964E-1,-1.579699278E0
1.082255750E1,7.533691406E0,1.143252850E0,-7.832589149E-1
1.083261290E1,5.151859283E0,1.602831364E0,7.768439054E-1
1.084266960E1,3.660825729E0,1.595986605E0,1.719377995E0
1.085272643E1,2.734952927E0,1.405281305E0,1.782889366E0
1.086278356E1,2.342993736E0,1.010802746E0,1.283332586E0
1.087284086E1,2.243641853E0,5.384345651E-1,3.681797087E-1
1.088289836E1,2.274399757E0,1.639750302E-1,-7.715284824E-3
1.089295596E1,2.344445229E0,1.881873608E-2,-1.058174074E-1
1.090301240E1,2.115949631E0,7.364222407E-2,-3.170871735E-1
1.091306896E1,1.296678543E0,1.177178025E-1,-2.906852663E-1
1.092312556E1,6.136608124E-2,6.445294619E-2,-6.173815578E-2
1.093318233E1,-8.957767487E-1,-7.270780206E-2,-1.207235828E-2
1.094323906E1,-1.828665257E0,-1.875471175E-1,-2.637881935E-1
1.095329586E1,-2.548240662E0,-3.519794047E-1,-5.839780569E-1
1.096335260E1,-3.219876289E0,-4.610131383E-1,-9.332109094E-1
1.097340913E1,-3.834218025E0,-3.532705605E-1,-1.225013494E0
1.098346573E1,-4.317410946E0,-3.576613963E-1,-1.044141054E0
1.099352229E1,-4.587868214E0,-4.057406187E-1,-8.349111080E-1
1.100357886E1,-4.712574482E0,-1.804052293E-1,-1.062088966E0
1.101363549E1,-5.000510693E0,-4.879609346E-1,-1.346635580E0
1.102369209E1,-5.386203289E0,-6.483670473E-1,-1.162434220E0
1.103374863E1,-5.817446709E0,-5.483248234E-1,-9.645981193E-1
1.104380523E1,-6.061975479E0,-5.125029683E-1,-6.549658775E-1
1.105386186E1,-6.234724045E0,-5.678266287E-1,-6.875690222E-1
1.106391856E1,-6.354699612E0,-4.286664426E-1,-6.170416474E-1
1.107397533E1,-6.347702026E0,-3.498210311E-1,-1.884688437E-1
1.108403689E1,-6.192117691E0,-3.747660816E-1,6.492470503E-1
1.109409849E1,-6.550817490E0,-3.613200188E-1,5.846145153E-1
1.110416022E1,-7.062088966E0,-4.500489831E-1,1.142487526E-1
1.111422189E1,-7.108418465E0,-3.568654060E-1,-2.781434953E-1
1.112428349E1,-7.065960884E0,-2.857398689E-1,-4.678023160E-1
1.113434502E1,-7.025737762E0,-2.367806137E-1,-6.915810108E-1
1.114440532E1,-7.090743065E0,-1.874903738E-1,-6.272893548E-1
1.115446566E1,-7.093436241E0,-2.793351412E-1,-2.314403653E-1
1.116452569E1,-6.634216309E0,-4.245328307E-1,-1.528698504E-1
1.117458549E1,-6.074740410E0,-3.311682045E-1,-5.142009258E-2
1.118464506E1,-5.833522320E0,-1.832625121E-1,4.625356197E-2
1.119470439E1,-5.021886349E0,-1.684220880E-1,2.279595137E-1
1.120476345E1,-3.702232838E0,-4.131732583E-1,8.090847731E-1
1.121482232E1,-2.260919094E0,-6.143664122E-1,9.718522429E-1
1.122488112E1,-9.777288437E-1,-6.040355563E-1,8.263825774E-1
1.123493972E1,6.839942932E-2,-6.739826798E-1,6.886855960E-1
1.124499819E1,1.372708321E0,-6.447913647E-1,6.057642102E-1
1.125505645E1,2.630970001E0,-5.694487095E-1,3.906918764E-1
1.126511459E1,3.653543472E0,-5.088570118E-1,3.250426054E-1
1.127517262E1,4.320483208E0,-4.285141826E-1,3.688458204E-1
1.128523045E1,4.689370155E0,-3.164436221E-1,1.728582382E-2
1.129528818E1,4.614964485E0,-1.855965257E-1,-3.158177733E-1
1.130534598E1,3.752993584E0,-1.758585274E-1,-3.041356504E-1
1.131540378E1,2.489300728E0,-1.790526509E-1,-5.573403835E-2
1.132546578E1,1.468324661E0,-2.382005751E-1,3.205090761E-1
1.133552755E1,-2.195768356E-1,-2.800283730E-1,3.306354284E-1
1.134558905E1,-1.688587189E0,-1.402377486E-1,-1.408582330E-1
1.135565022E1,-2.350023270E0,-6.479817629E-2,-1.069663763E-1
1.136571125E1,-2.692569256E0,1.048768163E-1,-4.643702507E-2
1.137577212E1,-2.828609943E0,3.678179681E-1,-6.282430887E-2
1.138582805E1,-2.758648396E0,3.207662106E-1,-2.090558410E-1
1.139588375E1,-2.234175682E0,3.726818264E-1,-2.040408850E-1
1.140593925E1,-1.425513268E0,6.135936379E-1,-7.879680395E-2
1.141599465E1,-5.840234756E-1,7.295604944E-1,8.720523119E-2
1.142605011E1,-9.970474243E-2,5.017898679E-1,5.385581255E-1
1.143610545E1,5.544137955E-1,3.904395998E-1,6.534977555E-1
1.144616071E1,1.218204498E0,3.269481063E-1,6.008991003E-1
1.145621568E1,1.661954880E0,2.015120387E-1,8.125543594E-1
1.146627078E1,1.833226204E0,1.799702346E-1,8.191086054E-1
1.147632601E1,1.877873421E0,1.787763238E-1,6.022310257E-1
1.148638111E1,1.582634926E0,8.097788692E-2,9.676790237E-2
1.149643614E1,9.211673737E-1,6.022942066E-2,-5.077825189E-1
1.150649181E1,4.034605026E-1,3.957286477E-2,-7.274403572E-1
1.151654754E1,-6.436920166E-2,1.274327934E-1,-4.695523381E-1
1.152660324E1,-4.152679443E-1,8.237782121E-2,-3.459921479E-1
1.153665898E1,-7.136754990E-1,3.803485632E-2,-2.942237854E-1
1.154671481E1,-8.537778854E-1,-9.378024936E-2,-2.971894741E-1
1.155677081E1,-8.691015244E-1,-6.247162819E-4,-4.965711236E-1
1.156683274E1,-7.786426544E-1,-8.328735828E-2,-7.543459535E-1
1.157689488E1,-1.119463921E0,-2.040522099E-1,-3.842465281E-1
1.158695714E1,-9.442024231E-1,-1.408886313E-1,-1.966910362E-1
1.159701941E1,-7.552862167E-1,-1.555836499E-1,-5.238235593E-1
1.160708167E1,-4.664125443E-1,-2.471618801E-1,-6.812081337E-1
1.161714381E1,-1.064395905E-2,-1.431792378E-1,-4.426192045E-1
1.162720177E1,2.480993271E-1,-1.446062326E-2,-1.426517963E-2
1.163726004E1,7.338876724E-1,1.741400659E-1,3.286390305E-1
1.164731837E1,1.009281158E0,2.459539771E-1,3.168967366E-1
1.165737677E1,8.065853119E-1,2.456339002E-1,3.258090019E-1
1.166743511E1,7.913398743E-1,8.578020334E-2,5.642225742E-1
1.167749334E1,9.177656174E-1,-7.440933585E-2,4.192429781E-1
1.168755147E1,7.335662842E-1,-7.559356093E-2,4.949122667E-2
1.169760964E1,2.698516846E-1,-1.498566568E-1,-8.748775721E-2
1.170766800E1,-3.419370651E-1,-1.313455701E-1,-9.370756149E-2
1.171772644E1,-6.016826630E-1,-2.885916829E-2,-5.286616087E-2
1.172778460E1,-5.983572006E-1,-2.051278949E-2,-1.320517063E-1
1.173784270E1,-5.762014389E-1,-2.299246192E-2,-2.638256550E-2
1.174790084E1,-3.176031113E-1,-3.093773127E-2,3.242206573E-2
1.175795904E1,-1.050901413E-1,-1.065979600E-1,1.788260937E-1
1.176801710E1,-1.372709274E-1,-2.095722854E-1,3.567568064E-1
1.177807510E1,-3.779354095E-1,-7.736471295E-2,2.346965075E-1
1.178813317E1,-5.511121750E-1,7.030633092E-2,5.269867182E-2
1.179819113E1,-9.773883820E-1,2.037394047E-2,-7.434737682E-2
1.180825373E1,-1.408654213E0,-7.775807381E-2,7.844728231E-2
1.181831623E1,-1.357067108E0,-6.905704737E-3,3.509440422E-1
1.182837873E1,-1.002061844E0,2.951425314E-2,5.864112973E-1
1.183844133E1,-3.962135315E-1,1.171766222E-1,4.445551634E-1
1.184850393E1,-8.585929871E-3,7.236701250E-2,2.448452711E-1
1.185856637E1,3.095827103E-1,-1.613792777E-2,2.369008660E-1
1.186862300E1,6.659450531E-1,-1.250514388E-1,1.839605570E-1
1.187867953E1,1.209114075E0,-1.448953748E-1,1.384139657E-1
1.188873603E1,1.513135910E0,-7.022169232E-2,5.656647682E-2
1.189879277E1,1.582963943E0,-5.632275343E-2,-6.648361683E-3
1.190884953E1,1.421090126E0,5.871960521E-2,5.043953657E-2
1.191890643E1,1.015436172E0,7.324951887E-2,2.216013074E-1
1.192896346E1,5.886526108E-1,-1.499882340E-2,1.982455850E-1
1.193902050E1,1.887311935E-1,2.360284328E-2,3.142935038E-2
1.194907776E1,-1.987028122E-1,8.068329096E-2,1.912045479E-1
1.195913513E1,-4.590520859E-1,5.722543597E-2,2.724770308E-1
1.196919260E1,-5.325860977E-1,2.664077282E-2,4.301226139E-2
1.197925016E1,-4.673681259E-1,-2.888137102E-2,-1.151343584E-1
1.198930793E1,-2.898712158E-1,-1.060172319E-1,-9.497380257E-2
1.199936593E1,-1.693058014E-2,-1.322798133E-1,-7.582026720E-2
1.200942389E1,8.572578430E-2,-1.231635809E-1,-1.136698127E-1
1.201948189E1,2.336664200E-1,-2.638560534E-2,-2.646763921E-1
1.202954013E1,2.450523376E-1,-3.381940722E-2,-2.331191301E-1
1.203959843E1,1.342306137E-1,-2.165406942E-2,-3.081693053E-1
1.204965849E1,1.742238998E-1,4.117545485E-2,-2.489215732E-1
1.205971859E1,4.658222198E-2,3.380364180E-2,-4.249924421E-2
1.206977876E1,-1.551389694E-1,1.347601414E-2,6.913411617E-2
1.207983892E1,-7.897377014E-2,2.080589533E-2,1.029093862E-1
1.208989929E1,6.437301636E-2,6.140899658E-2,-2.110534906E-2
1.209995972E1,1.792163849E-1,8.139729500E-2,-3.599047661E-3
1.211001499E1,3.038005829E-1,3.531274199E-2,6.489324570E-2
1.212007032E1,3.926010132E-1,1.399855316E-1,8.382946253E-2
1.213012552E1,3.856563568E-1,1.202100217E-1,1.743962169E-1
1.214018046E1,3.500785828E-1,8.108559251E-2,1.942267418E-1
1.215023529E1,3.384923935E-1,1.618223786E-1,-2.609795332E-2
1.216028999E1,2.959280014E-1,9.117928147E-2,-4.012835920E-1
1.217034445E1,3.897867203E-1,4.910707474E-3,-3.298673034E-1
1.218039882E1,2.465066910E-1,6.093713641E-2,2.863389254E-2
1.219045299E1,-4.989814758E-2,-2.681344748E-3,7.575100660E-2
1.220050672E1,-1.090536118E-1,-3.892800212E-2,-1.763245463E-1
1.221056015E1,-2.637624741E-1,-1.129910052E-1,-3.542533219E-1
1.222061328E1,-4.185791016E-1,-5.879399180E-2,-5.820439458E-1
1.223066605E1,-4.515190125E-1,-3.132146597E-2,-4.222280383E-1
1.224071848E1,-4.154920578E-1,3.697830439E-2,-2.242604494E-1
1.225077062E1,-4.995355606E-1,-1.794219017E-2,-7.758289576E-2
1.226082258E1,-5.046081543E-1,-7.769861817E-2,-2.057976127E-1
1.227087445E1,-2.775287628E-1,-1.280764937E-1,-3.519274592E-1
1.228092628E1,-1.679916382E-1,-1.033732593E-1,-1.915957928E-1
1.229098282E1,-1.159954071E-1,1.904460788E-2,-4.887682199E-2
1.230103905E1,-3.523921967E-2,-3.658697009E-2,1.755144000E-1
1.231109521E1,9.583187103E-2,-6.652939320E-2,2.272789478E-1
1.232115138E1,2.273597717E-1,8.457303047E-3,2.436190844E-2
1.233120741E1,3.445949554E-1,-7.046699524E-3,-1.489067078E-2
1.234126328E1,2.869787216E-1,-5.366730690E-2,-9.346008301E-2
1.235131718E1,1.789760590E-1,-5.898922682E-2,-1.011848450E-3
1.236137085E1,2.505102158E-1,1.893252134E-2,6.453055143E-2
1.237142435E1,2.956600189E-1,1.383421719E-1,-1.094734073E-1
1.238147785E1,2.379627228E-1,1.343846619E-1,-1.234176159E-1
1.239153121E1,2.617444992E-1,1.476765275E-1,-6.539261341E-2
1.240158451E1,5.091857910E-2,4.692733288E-2,-4.656970501E-3
1.241163761E1,6.399154663E-4,-2.990764380E-2,2.687938809E-1
1.242169054E1,-4.009532928E-2,-9.236046672E-2,2.913239002E-1
1.243174358E1,-1.214351654E-1,-1.289649606E-1,4.754960537E-3
1.244179668E1,-2.457933426E-1,-1.326367855E-1,-1.687189937E-1
1.245184971E1,-1.045265198E-1,-1.322476566E-1,-3.702290356E-1
1.246190288E1,7.006359100E-2,-2.686095238E-2,-1.990247965E-1
1.247195614E1,1.461505890E-2,2.426233888E-2,-1.429505348E-1
1.248200951E1,-4.085445404E-2,-4.820245504E-2,-1.549651623E-1
1.249206297E1,-6.760883331E-2,-9.340471029E-2,-2.705091238E-2
1.250211674E1,-3.446292877E-2,-5.041003227E-2,7.388746738E-2
1.251217084E1,1.687974930E-1,-1.080457866E-1,-4.933923483E-2
1.252222524E1,1.566438675E-1,-1.151990294E-1,-4.426747561E-2
1.253228477E1,-1.349544525E-2,-1.001158953E-1,9.145981073E-2
1.254234467E1,2.478027344E-2,-5.795475841E-2,1.318612695E-1
1.255240484E1,2.162523270E-1,7.703384757E-2,1.380147338E-1
1.256246517E1,3.453512192E-1,1.007106304E-1,5.188935995E-2
1.257252564E1,3.620204926E-1,1.307381392E-1,-8.796411753E-2
1.258258624E1,1.082324982E-1,6.530776620E-2,-1.127441525E-1
1.259264217E1,2.944946289E-3,-2.454671264E-2,-8.419215679E-2
1.260269830E1,-1.405925751E-1,9.545755386E-2,9.022951126E-2
1.261275440E1,-2.123413086E-1,6.608822942E-2,2.130634189E-1
1.262281040E1,-2.122449875E-1,3.557458520E-2,1.735000610E-1
1.263286660E1,-1.953630447E-1,-1.941502094E-2,-1.229530573E-2
1.264292310E1,-9.712409973E-2,-9.983533621E-2,-4.696184397E-2
1.265297974E1,1.470699310E-1,-2.079215646E-2,6.479811668E-2
1.266303657E1,1.494092941E-1,6.653526425E-2,6.151831150E-2
1.267309350E1,1.375589371E-1,6.003713608E-2,-2.575461268E-1
1.268315027E1,6.351280212E-2,-3.124547005E-2,-1.842076778E-1
1.269320684E1,-4.656314850E-2,-1.116904616E-2,1.191962361E-1
1.270326334E1,1.220703125E-3,-1.330673695E-3,1.137646437E-1
1.271331984E1,-2.267456055E-2,2.058073878E-2,-8.753770590E-2
1.272337640E1,3.249931335E-2,3.779575229E-2,-3.257894218E-1
1.273343273E1,1.115789413E-1,3.191065788E-2,-1.640222073E-1
1.274348900E1,-3.400802612E-3,-5.005669594E-2,1.164917946E-1
1.275354527E1,-9.933948517E-2,-2.085325122E-2,4.857760668E-2
1.276360160E1,-1.043663025E-1,-6.802827120E-3,1.641047001E-2
1.277365986E1,-1.358699799E-1,-1.089231670E-1,1.126521826E-1
1.278371800E1,-2.386474609E-2,-5.267548561E-2,2.633056641E-1
1.279377626E1,-7.513999939E-3,-6.640255451E-4,2.420583367E-1
1.280383443E1,2.823352814E-2,-5.010315776E-2,2.727663517E-1
1.281389243E1,2.350425720E-2,-3.863033652E-2,1.524411440E-1
1.282395030E1,1.434278488E-1,-7.066577673E-3,-7.927548885E-2
1.283400316E1,2.033929825E-1,-4.269668460E-2,-1.872366965E-1
1.284405593E1,2.729063034E-1,-4.144847393E-3,-3.370696306E-2
1.285410859E1,1.795549393E-1,4.489713907E-2,8.906966448E-2
1.286416123E1,1.819934845E-1,7.568040490E-2,7.112503052E-3
1.287421393E1,1.509876251E-1,9.536957741E-2,2.869015932E-2
1.288426649E1,6.493568420E-2,4.003918171E-2,5.226314068E-3
1.289431899E1,-3.538799286E-2,-2.871784568E-2,-6.155943871E-2
1.290437139E1,-3.277301788E-2,-4.569354653E-2,8.534771204E-2
1.291442393E1,-3.506183624E-2,4.829406738E-2,1.493765712E-1
1.292447656E1,-3.963565826E-2,-6.027579308E-3,7.065570354E-2
1.293452916E1,-6.094646454E-2,-5.225583911E-2,-1.071279049E-1
1.294458179E1,-4.642200470E-2,1.003056765E-3,-1.481043696E-1
1.295463462E1,-5.357074738E-2,5.793181062E-2,-1.307798624E-1
1.296469443E1,1.104164124E-2,6.016585231E-2,3.328692913E-2
1.297475442E1,-8.712291718E-2,5.941182375E-2,1.399568915E-1
1.298481459E1,7.086849213E-2,2.371668816E-4,1.087983251E-1
1.299487502E1,1.306676865E-1,-1.799347997E-2,1.784473658E-2
1.300493572E1,1.378831863E-1,-3.707244992E-2,-4.247236252E-2
1.301500176E1,1.762809753E-1,-5.162861943E-2,-5.807179213E-2
1.302506799E1,8.059310913E-2,-9.755510092E-2,-9.005999565E-2
1.303513472E1,1.851463318E-2,-9.849926829E-2,-2.252858877E-2
1.304520186E1,-7.231330872E-2,-7.963028550E-2,-1.633081436E-1
1.305526929E1,-1.416587830E-1,-3.299099207E-2,-2.085035741E-1
1.306533696E1,-4.125595093E-2,3.202933073E-2,-6.686449051E-2
1.307540292E1,3.023624420E-2,6.231629848E-2,4.770565033E-2
1.308546932E1,2.036762238E-2,3.660613298E-2,1.339043379E-1
1.309553572E1,1.781387329E-1,2.363249660E-2,-2.844738960E-2
1.310560232E1,2.282772064E-1,-5.291718245E-2,3.576058149E-2
1.311566909E1,1.157789230E-1,-2.495950460E-2,6.204116344E-2
1.312573615E1,-3.232192993E-2,-3.334054351E-2,2.193313837E-2
1.313580345E1,-1.272773743E-2,-3.145575523E-2,8.771628141E-2
1.314587089E1,-9.612560272E-2,-5.692893267E-2,-2.403706312E-2
1.315593849E1,-1.149530411E-1,-1.662731171E-2,-2.576603293E-1
1.316600625E1,7.245063782E-3,-8.034002781E-2,-2.226813734E-1
1.317607385E1,9.326171875E-2,-4.539132118E-2,-3.594106436E-2
1.318614152E1,6.193923950E-2,1.107369661E-1,-1.068423390E-1
1.319620922E1,1.192245483E-1,8.321368694E-2,-1.863598228E-1
1.320627712E1,5.678749084E-2,3.885081410E-2,-6.544911861E-2
1.321634505E1,-1.540594101E-1,6.981372833E-3,2.811439633E-1
1.322641295E1,-9.674072266E-2,-2.538463473E-2,2.975375652E-1
1.323648088E1,-2.962779999E-2,-1.881033182E-2,1.352989674E-2
1.324654875E1,3.520298004E-2,-1.044306159E-2,-3.235758245E-1
1.325662155E1,1.718578339E-1,4.331979156E-2,-2.767984569E-1
1.326668742E1,3.541469574E-2,2.942103148E-2,5.794346333E-3
1.327675312E1,9.756660461E-2,8.622139692E-3,6.521832943E-2
1.328681882E1,6.390380859E-2,-3.346532583E-2,2.438253164E-2
1.329688435E1,-8.430480957E-4,-1.105544269E-1,-6.405562162E-2
1.330694982E1,-1.061897278E-1,-7.514366508E-2,-1.065867543E-1
1.331701012E1,-1.062288284E-1,-8.928921819E-2,6.522053480E-2
1.332707032E1,-1.529693604E-2,-2.700856328E-2,1.713025570E-2
1.333713028E1,2.793312073E-2,-2.340033650E-2,1.843446493E-2
1.334719001E1,1.190023422E-1,-6.175941229E-2,-9.777146578E-2
1.335724951E1,2.579317093E-1,-3.939399123E-2,-1.593366265E-1
1.336730881E1,2.723979950E-1,-1.205897331E-2,-1.252284050E-1
1.337736788E1,1.432323456E-1,1.425519586E-2,-3.376817703E-2
1.338742661E1,5.489158630E-2,-3.114759922E-3,-1.112009883E-1
1.339748518E1,-9.382247925E-3,-2.767974138E-2,-9.677606821E-2
1.340754358E1,-1.168165207E-1,-4.224628210E-3,-1.032986045E-1
1.341760174E1,-7.112979889E-2,2.220612764E-2,-6.793636084E-2
1.342765961E1,5.635261536E-3,5.322584510E-2,-3.402447701E-2
1.343771728E1,-4.212570190E-2,4.491043091E-2,-4.945302010E-2
1.344777471E1,-1.088714600E-2,1.617315412E-2,2.487450838E-2
1.345783204E1,5.381107330E-2,4.398527741E-2,1.074558496E-1
1.346788924E1,5.155086517E-2,1.156169176E-2,-4.055541754E-2
1.347794644E1,-9.910106659E-2,-9.019464254E-2,-3.760027885E-1
1.348800354E1,-8.227157593E-2,-4.470613599E-2,-8.614659309E-1
1.349806574E1,1.952514648E-1,7.379999757E-2,-9.142989516E-1
1.350812771E1,7.219696045E-2,-2.188388556E-1,2.376335859E-1
1.351818948E1,4.740715027E-3,-2.358996868E-2,8.916887045E-1
1.352825121E1,2.613162994E-2,3.561010957E-2,7.962248325E-1
1.353831267E1,8.571052551E-2,2.319937944E-2,7.383561730E-1
1.354837397E1,3.792095184E-2,2.331631482E-1,3.997583389E-1
1.355843007E1,9.341144562E-2,8.067837358E-2,4.038703442E-2
1.356848611E1,3.164501190E-1,9.851810336E-2,-8.153712749E-2
1.357854194E1,4.459838867E-1,1.528969109E-1,-1.636800170E-1
1.358859771E1,1.540279388E-1,-1.237919331E-1,-6.363634467E-1
1.359865347E1,4.407119751E-2,-1.481555402E-1,-5.101946592E-1
